tm,spotName,th3,ws,sky,rhm,pop
2020-03-21 15:00,(봉화)남호구택,21,3,3,25,20
2020-03-21 15:00,(봉화)계서당(성이성 생가),21,3,3,25,20
2020-03-21 15:00,(봉화)춘양목 송이마을,20,3,3,25,20
2020-03-21 15:00,(봉화)지림사,21,3,3,20,20
2020-03-21 15:00,(영동)송호국민관광지캠핑장,21,3,3,40,20
2020-03-21 15:00,(영동)난계국악박물관/난계국악기체험전수관,22,3,3,40,20
2020-03-21 15:00,(영동)영국사,21,3,3,40,20
2020-03-21 15:00,(영양)일월산,17,3,1,30,0
2020-03-21 15:00,(영양)영양시장,20,3,1,30,0
2020-03-21 15:00,(영양)국립 검마산자연휴양림,21,3,1,30,0
2020-03-21 15:00,(영양)두메송하마을,20,3,1,30,0
2020-03-21 15:00,(보은)법주사,19,3,4,35,30
2020-03-21 15:00,(보은)선병국 가옥,21,3,4,35,30
2020-03-21 15:00,(영동)비단강숲마을,21,3,3,40,20
2020-03-21 15:00,(보은)삼년산성 ,20,3,4,40,30
2020-03-21 15:00,(괴산)화양동계곡 트레킹,20,4,4,35,30
2020-03-21 15:00,(괴산)화양동야영장,20,4,4,35,30
2020-03-21 15:00,(보은)오장환문학관 ,19,3,4,40,30
2020-03-21 15:00,(보은)정이품송,20,3,4,35,30
2020-03-21 15:00,(청주)미동산수목원,20,4,4,40,30
2020-03-21 15:00,(청주)청남대,20,3,4,40,30
2020-03-21 15:00,(청주)문의문화재단지 ,20,3,4,40,30
2020-03-21 15:00,(청주)상수허브랜드,20,3,4,40,30
2020-03-21 15:00,(보령)대천항,14,3,3,65,20
2020-03-21 15:00,(태안)고남패총박물관,12,3,3,75,20
2020-03-21 15:00,(태안)꽃지해수욕장,12,3,3,75,20
2020-03-21 15:00,(태안)안면암 ,14,3,3,70,20
2020-03-21 15:00,(태안)몽산포캠핑장,13,3,3,75,20
2020-03-21 15:00,(논산)개태사,19,3,3,50,20
2020-03-21 15:00,(논산)KT&G 상상마당 논산 캠핑장,19,3,3,55,20
2020-03-21 15:00,(계룡)괴목정 ,19,3,4,45,30
2020-03-21 15:00,(계룡)사계고택,19,3,4,50,30
2020-03-21 15:00,(논산)명재고택,17,3,3,50,20
2020-03-21 15:00,(논산)백제군사박물관/계백장군유적지 ,20,3,3,50,20
2020-03-21 15:00,(논산)관촉사,20,3,3,55,20
2020-03-21 15:00,(보령)방자구이마을,15,3,3,70,20
2020-03-21 15:00,(서천)금강하구둑 관광지 ,17,4,1,65,0
2020-03-21 15:00,(서천)국립생태원 ,17,3,1,65,0
2020-03-21 15:00,(서천)장항 솔숲 ,17,3,1,65,0
2020-03-21 15:00,(서천)이색체험마을,17,3,1,70,0
2020-03-21 15:00,(예산)슬로시티 대흥,20,3,3,50,20
2020-03-21 15:00,(예산)봉수산 자연휴양림,20,3,3,50,20
2020-03-21 15:00,(예산)덕산온천 관광호텔,13,3,4,55,30
2020-03-21 15:00,(예산)광시 한우거리 ,21,3,3,55,20
2020-03-21 15:00,(서산)천수만/간월암 ,15,3,3,70,20
2020-03-21 15:00,(서산)부석사,15,3,3,70,20
2020-03-21 15:00,(태안)안면도자연휴양림,13,3,3,75,20
2020-03-21 15:00,(서산)삼길포항 ,17,3,4,70,30
2020-03-21 15:00,(가평)밤벌오토캠핑장,19,3,3,40,20
2020-03-21 15:00,(가평)어비계곡,19,3,3,40,20
2020-03-21 15:00,(가평)대리마을 산골농원,17,3,3,45,20
2020-03-21 15:00,(가평)유명산 자연휴양림,17,3,3,45,20
2020-03-21 15:00,(양주)신흥레저타운,18,3,3,45,20
2020-03-21 15:00,(양주)장흥아트파크 ,18,3,3,45,20
2020-03-21 15:00,(양주)장흥해일농장,18,3,3,45,20
2020-03-21 15:00,(양주)송추유원지,18,3,3,50,20
2020-03-21 15:00,(양주)오봉산 석굴암,18,3,3,50,20
2020-03-21 15:00,(부여)국립부여박물관,19,3,3,60,20
2020-03-21 15:00,(부여)시우리 캠핑장,18,3,3,60,20
2020-03-21 15:00,(부여)부소산성,19,3,3,60,20
2020-03-21 15:00,(부여)정림사지,19,3,3,60,20
2020-03-21 15:00,(평창)허브나라 농원,14,3,3,45,20
2020-03-21 15:00,(평창)흥정계곡,14,3,3,55,20
2020-03-21 15:00,(평창)마가리캠핑장,14,3,3,50,20
2020-03-21 15:00,(평창)이효석문화마을,16,3,3,55,20
2020-03-21 15:00,(가평)남이섬,18,3,3,45,20
2020-03-21 15:00,(가평)아침고요수목원,17,3,3,40,20
2020-03-21 15:00,(가평)자라섬오토캠핑장,18,3,3,45,20
2020-03-21 15:00,(태안)안흥성,12,2,3,70,20
2020-03-21 15:00,(태안)팜카밀레허브농원,14,3,3,75,20
2020-03-21 15:00,(태안)삼봉해수욕장,14,3,3,70,20
2020-03-21 15:00,(태안)홀리데이파크 캠핑카라반,13,3,3,75,20
2020-03-21 15:00,(태안)백화산,15,3,3,75,20
2020-03-21 15:00,(태안)신두리해안사구 ,14,2,4,65,30
2020-03-21 15:00,(태안)구름포해수욕장,14,2,4,65,30
2020-03-21 15:00,(태안)천리포수목원,13,2,3,65,20
2020-03-21 15:00,(태안)학암포오토캠핑장,15,2,4,65,30
2020-03-21 15:00,(천안)광덕사,20,3,4,40,30
2020-03-21 15:00,(천안)아우내오토캠핑장,20,3,4,35,30
2020-03-21 15:00,(천안)병천순대 거리,21,3,4,35,30
2020-03-21 15:00,(천안)유관순열사 유적지 ,21,3,4,35,30
2020-03-21 15:00,(예산)의좋은 형제공원,20,3,3,50,20
2020-03-21 15:00,(예산)예당저수지야영장,20,3,3,50,20
2020-03-21 15:00,(예산)임존성,20,3,3,50,20
2020-03-21 15:00,(예산)수덕사,17,3,3,55,20
2020-03-21 15:00,(예산)예당 관광지,21,3,4,50,30
2020-03-21 15:00,(예산)추사 고택,20,3,4,50,30
2020-03-21 15:00,(예산)리솜 스파 캐슬,13,3,4,55,30
2020-03-21 15:00,(예산)충의사/예덕상무사,13,3,4,55,30
2020-03-21 15:00,(아산)공세리 성당,20,3,4,50,30
2020-03-21 15:00,(아산)피나클랜드,20,3,4,50,30
2020-03-21 15:00,(아산)영인산 자연휴양림,19,3,4,45,30
2020-03-21 15:00,(아산)세계꽃식물원,20,3,4,50,30
2020-03-21 15:00,(아산)파라다이스 스파도고,20,3,4,50,30
2020-03-21 15:00,(서천)희리산자연휴양림,15,3,1,65,0
2020-03-21 15:00,(서천)성북리 오층석탑 ,14,3,3,70,20
2020-03-21 15:00,(서천)마량포구,14,3,1,65,0
2020-03-21 15:00,(서천)월하성 어촌 체험 마을,14,3,1,65,0
2020-03-21 15:00,(서천)춘장대해수욕장,14,3,1,65,0
2020-03-21 15:00,(서천)홍원항,14,3,1,65,0
2020-03-21 15:00,(서천)마량리 동백나무 숲,14,3,1,65,0
2020-03-21 15:00,(보령)외연도,14,3,1,70,0
2020-03-21 15:00,(보령)무창포 해수욕장,14,3,3,65,20
2020-03-21 15:00,(보령)대천항 ,14,3,3,65,20
2020-03-21 15:00,(해남)대죽마을,18,3,1,60,0
2020-03-21 15:00,(해남)달마산과 미황사,18,3,1,60,0
2020-03-21 15:00,(해남)땅끝관광지/땅끝모노레일카,18,3,1,65,0
2020-03-21 15:00,(해남)해남윤씨 녹우당,19,3,1,50,0
2020-03-21 15:00,(강화)전등사,16,3,3,65,20
2020-03-21 15:00,(강화)아르미애월드,16,3,3,60,20
2020-03-21 15:00,(강화)마니산(참성단),15,3,3,65,20
2020-03-21 15:00,(강화)함허동천 야영장,16,3,3,65,20
2020-03-21 15:00,(인천)석모도,15,3,3,65,20
2020-03-21 15:00,(백령도)심청각,11,4,4,60,30
2020-03-21 15:00,(백령도)콩돌해변,15,2,4,60,30
2020-03-21 15:00,(백령도)연화마을,10,3,4,65,30
2020-03-21 15:00,(백령도)해안절경 유람선,10,3,4,65,30
2020-03-21 15:00,(백령도)백령도,10,3,4,65,30
2020-03-21 15:00,(장성)가인야영장,20,2,1,50,0
2020-03-21 15:00,(장성)고불총림 백양사,20,2,1,50,0
2020-03-21 15:00,(장성)장성호관광지,20,2,1,50,0
2020-03-21 15:00,(장성)필암서원,19,3,1,45,0
2020-03-21 15:00,(장성)홍길동생가,19,3,1,45,0
2020-03-21 15:00,(장성)축령산휴양림,20,3,1,45,0
2020-03-21 15:00,(신안)우이도 ,16,4,1,65,0
2020-03-21 15:00,(신안)도초 시목 해수욕장,16,4,1,65,0
2020-03-21 15:00,(신안)비금도 내촌마을 옛 담장,17,4,1,70,0
2020-03-21 15:00,(신안)비금 해수욕장,17,4,1,70,0
2020-03-21 15:00,(신안)서남문대교,17,4,1,65,0
2020-03-21 15:00,(신안)비금도 대동염전,17,5,1,60,0
2020-03-21 15:00,(신안)우이도 돈목 해수욕장,16,4,1,65,0
2020-03-21 15:00,(담양)금성 산성,21,2,1,50,0
2020-03-21 15:00,(담양)대나무골 테마공원,22,2,1,50,0
2020-03-21 15:00,(담양)죽향문화체험마을,22,3,1,50,0
2020-03-21 15:00,(담양)죽녹원,22,3,1,50,0
2020-03-21 15:00,(담양)관방제림 ,22,3,1,50,0
2020-03-21 15:00,(담양)가마골계곡,21,2,1,50,0
2020-03-21 15:00,(광양)옥룡사지(동백나무숲),22,3,1,45,0
2020-03-21 15:00,(광양)중흥사,22,3,1,45,0
2020-03-21 15:00,(광양)섬진강 매화마을,21,3,1,50,0
2020-03-21 15:00,(광양)백운산자연휴양림,22,3,1,45,0
2020-03-21 15:00,(장수)하늘내들꽃마을,21,3,3,45,20
2020-03-21 15:00,(장수)장수향교,20,3,3,50,20
2020-03-21 15:00,(장수)논개사당,20,3,3,50,20
2020-03-21 15:00,(장수)방화동 가족휴가촌,20,2,3,50,20
2020-03-21 15:00,(장수)장안산군립공원 ,20,2,3,50,20
2020-03-21 15:00,(장수)논개생가마을,21,2,3,45,20
2020-03-21 15:00,(익산)함라마을 옛 담장,18,3,3,60,20
2020-03-21 15:00,(익산)두동교회 구본당,19,3,3,60,20
2020-03-21 15:00,(익산)성당포구마을,19,3,3,60,20
2020-03-21 15:00,(익산)웅포관광지캠핑장,18,3,1,70,0
2020-03-21 15:00,(익산)숭림사,18,3,3,60,20
2020-03-21 15:00,(가평)어비계곡 ,19,3,3,40,20
2020-03-21 15:00,(가평)청평호반,19,3,3,45,20
2020-03-21 15:00,(가평)국립 유명산자연휴양림,17,3,3,45,20
2020-03-21 15:00,(가평)호명호수공원,19,3,3,50,20
2020-03-21 15:00,(가평)가평향교,17,3,3,45,20
2020-03-21 15:00,(가평)산장관광지,19,3,3,45,20
2020-03-21 15:00,(가평)자연과별천문대,17,3,3,45,20
2020-03-21 15:00,(가평)자라섬,18,3,3,45,20
2020-03-21 15:00,(가평)포도향이 흐르는 마을,17,3,3,40,20
2020-03-21 15:00,(횡성)둔내자연휴양림,14,3,3,50,20
2020-03-21 15:00,(횡성)국립 청태산자연휴양림,14,3,3,50,20
2020-03-21 15:00,(횡성)숲체원,15,3,3,50,20
2020-03-21 15:00,(횡성)안흥 찐빵마을,14,3,3,45,20
2020-03-21 15:00,(평창)허브나라농원,14,3,3,45,20
2020-03-21 15:00,(평창)솔섬오토캠핑장,16,3,3,45,20
2020-03-21 15:00,(평창)로하스가든 와카푸카,15,3,3,45,20
2020-03-21 15:00,(울진)울진금강소나무림 ,17,4,1,35,0
2020-03-21 15:00,(울진)불영사,20,4,1,40,0
2020-03-21 15:00,(울진)후포항,18,4,1,45,0
2020-03-21 15:00,(울진)망양정,16,4,1,60,0
2020-03-21 15:00,(울진)월송정,19,4,1,40,0
2020-03-21 15:00,(울진)백암온천,18,4,1,35,0
2020-03-21 15:00,(영천)은해사,21,2,1,35,0
2020-03-21 15:00,(영천)치산관광지캠핑장,21,2,1,35,0
2020-03-21 15:00,(영천)거조암,23,2,1,35,0
2020-03-21 15:00,(영천)임고서원,23,3,1,35,0
2020-03-21 15:00,(영천)숭렬당,23,3,1,35,0
2020-03-21 15:00,(영주)고치령 ,19,3,3,30,20
2020-03-21 15:00,(영주)마구령,19,3,3,30,20
2020-03-21 15:00,(영주)순흥 벽화 고분,21,3,3,25,20
2020-03-21 15:00,(영주)소수서원/선비촌,21,3,3,25,20
2020-03-21 15:00,(영주)부석사,19,3,3,25,20
2020-03-21 15:00,(영주)마락청소년야영장,19,3,3,30,20
2020-03-21 15:00,(영주)성혈사,16,3,3,30,20
2020-03-21 15:00,(함양)벽송사,22,2,3,45,20
2020-03-21 15:00,(함양)서암정사,22,2,3,45,20
2020-03-21 15:00,(함양)지리산자연휴양림,20,2,3,45,20
2020-03-21 15:00,(함양)산머루마을,21,2,3,45,20
2020-03-21 15:00,(함양)오도재와 지리산조망공원,21,2,3,45,20
2020-03-21 15:00,(함양)상림공원,21,2,3,45,20
2020-03-21 15:00,(화성)융릉과 건릉,19,3,4,50,30
2020-03-21 15:00,(화성)용주사 ,19,3,4,50,30
2020-03-21 15:00,(화성)공룡알화석지,17,3,3,55,20
2020-03-21 15:00,(화성)해솔마을캠핑장,17,3,4,60,30
2020-03-21 15:00,(화성)제부도,17,3,3,65,20
2020-03-21 15:00,(포천)산사원 ,18,3,3,35,20
2020-03-21 15:00,(포천)산정호수,14,3,3,50,20
2020-03-21 15:00,(포천)캠핑라운지,17,3,3,55,20
2020-03-21 15:00,(포천)평강식물원,17,3,3,55,20
2020-03-21 15:00,(포천)한가원,17,3,3,35,20
2020-03-21 15:00,(파주)헤이리예술마을,17,3,3,50,20
2020-03-21 15:00,(파주)화석정,17,3,3,50,20
2020-03-21 15:00,(파주)율곡선생유적지,17,3,3,45,20
2020-03-21 15:00,(파주)임진각관광지 ,17,3,3,50,20
2020-03-21 15:00,(파주)오두산통일전망대,17,3,3,50,20
2020-03-21 15:00,(파주)홀리데이파크 캠핑,18,3,3,45,20
2020-03-21 15:00,(파주)반구정/황희선생영당,17,3,3,50,20
2020-03-21 15:00,(파주)용미리석불입상,16,3,3,45,20
2020-03-21 15:00,(파주)벽초지수목원 ,16,3,3,45,20
2020-03-21 15:00,(파주)파주삼릉,17,3,3,45,20
2020-03-21 15:00,(파주)마장저수지(반디캠프),17,3,3,45,20
2020-03-21 15:00,(파주)보광사,17,3,3,45,20
2020-03-21 15:00,(남원)달궁오토캠핑장,19,2,3,45,20
2020-03-21 15:00,(남원)정령치 ,18,2,3,55,20
2020-03-21 15:00,(남원)백장암(삼층석탑),22,2,3,45,20
2020-03-21 15:00,(남원)실상사,21,2,3,50,20
2020-03-21 15:00,(의령)정암루,24,3,1,40,0
2020-03-21 15:00,(의령)한우산,23,2,1,35,0
2020-03-21 15:00,(의령)벽계관광지,24,2,1,35,0
2020-03-21 15:00,(의령)충익사 ,23,3,1,40,0
2020-03-21 15:00,(고성)문수암,18,4,1,60,0
2020-03-21 15:00,(고성)상족암군립공원,17,5,1,65,0
2020-03-21 15:00,(고성)당항포관광지,20,4,1,55,0
2020-03-21 15:00,(제주)천왕사,18,3,1,50,0
2020-03-21 15:00,(제주)어승생악,18,3,1,50,0
2020-03-21 15:00,(서귀포)서귀포자연휴양림,17,3,1,65,0
2020-03-21 15:00,(제주)한라수목원,22,3,1,40,0
2020-03-21 15:00,(거창)금원산자연휴양림,21,2,3,40,20
2020-03-21 15:00,(거창)금원산,20,2,3,45,20
2020-03-21 15:00,(서울)공연장,19,3,3,45,20
2020-03-21 15:00,(서울)홍대벽화거리&포시즌하우스,19,3,3,45,20
2020-03-21 15:00,(서울)KT&G 상상마당,19,3,3,45,20
2020-03-21 15:00,(서울)트릭아이미술관,19,3,3,45,20
2020-03-21 15:00,(서울)KBS온(견학홀),19,3,3,45,20
2020-03-21 15:00,(서울)여의도 공원,19,3,3,45,20
2020-03-21 15:00,(서울)IFC 몰,19,3,3,45,20
2020-03-21 15:00,(서울)63시티,19,3,3,45,20
2020-03-21 15:00,(서울)월드컵공원,18,3,3,45,20
2020-03-21 15:00,(서울)한국영화박물관,18,3,3,45,20
2020-03-21 15:00,(서울)디지털파빌리온,18,3,3,45,20
2020-03-21 15:00,(서울)DMC홍보관,18,3,3,45,20
2020-03-21 15:00,(서울)명동거리,19,3,3,40,20
2020-03-21 15:00,(서울)인사동 전통시장,19,3,3,40,20
2020-03-21 15:00,(서울)종로보석상가,19,3,3,40,20
2020-03-21 15:00,(서울)남대문시장,19,3,3,40,20
2020-03-21 15:00,(서울)남산 & N서울타워,19,3,3,40,20
2020-03-21 15:00,(서울)안중근기념관,19,3,3,40,20
2020-03-21 15:00,(서울)남산골한옥마을,19,3,3,40,20
2020-03-21 15:00,(서울)남산야외식물원,19,3,3,40,20
2020-03-21 15:00,(서울)압구정 로데오거리,20,3,3,40,20
2020-03-21 15:00,(서울)롯데월드,19,3,3,40,20
2020-03-21 15:00,(서울)코엑스몰,20,3,3,40,20
2020-03-21 15:00,(서울)국립극장,19,3,3,40,20
2020-03-21 15:00,(서울)소월길,19,3,3,40,20
2020-03-21 15:00,(서울)문학의집&이희승기념시비,19,3,3,40,20
2020-03-21 15:00,(서울)한국현대문학관,19,3,3,40,20
2020-03-21 15:00,(서울)답십리고미술상가,19,3,3,40,20
2020-03-21 15:00,(서울)박수근 집&작업실,19,3,3,40,20
2020-03-21 15:00,(서울)창신동 백남준생가 터,19,3,3,40,20
2020-03-21 15:00,(서울)아리랑고개,19,3,3,40,20
2020-03-21 15:00,(서울)새문길 박물관거리,19,3,3,40,20
2020-03-21 15:00,(서울)덕수궁미술관,19,3,3,40,20
2020-03-21 15:00,(서울)서울시립미술관,19,3,3,40,20
2020-03-21 15:00,(서울)정동길,19,3,3,40,20
2020-03-21 15:00,(서울)홍난파 가옥,19,3,3,40,20
2020-03-21 15:00,(서울)소마미술관,19,3,3,40,20
2020-03-21 15:00,(과천)국립현대미술관 과천관,20,3,3,40,20
2020-03-21 15:00,(서울)예술의 전당 & 한가람미술관,19,3,3,40,20
2020-03-21 15:00,(서울)국립현대미술관 서울관,19,3,3,40,20
2020-03-21 15:00,(서울)삼청동 갤러리 거리,19,3,3,40,20
2020-03-21 15:00,(서울)세종문화회관,19,3,3,40,20
2020-03-21 15:00,(서울)대한민국역사박물관,19,3,3,40,20
2020-03-21 15:00,(서울)문화역 서울284,19,3,3,40,20
2020-03-21 15:00,(서울)삼성미술관 리움,19,3,3,40,20
2020-03-21 15:00,(서울)국립중앙박물관,19,3,3,40,20
2020-03-21 15:00,(서울)삼성미술관 플라토,19,3,3,40,20
2020-03-21 15:00,(서울)윤동주 시인의 언덕,19,3,3,40,20
2020-03-21 15:00,(서울)석파정 & 서울미술관,19,3,3,40,20
2020-03-21 15:00,(서울)환기미술관,19,3,3,40,20
2020-03-21 15:00,(서울)대림미술관,19,3,3,40,20
2020-03-21 15:00,(서울)박노수미술관,19,3,3,40,20
2020-03-21 15:00,(서울)이상 집터,19,3,3,40,20
2020-03-21 15:00,(서울)세종대왕 나신 곳,19,3,3,40,20
2020-03-21 15:00,(서울)삼성딜라이트,20,3,3,40,20
2020-03-21 15:00,(서울)신사동 가로수길,20,3,3,40,20
2020-03-21 15:00,(서울)강남역 지하쇼핑센터,20,3,3,40,20
2020-03-21 15:00,(서울)미디어폴,20,3,3,40,20
2020-03-21 15:00,(서울)한전아트센터 내 전기박물관,20,3,3,40,20
2020-03-21 15:00,(서울)여의도 금융마루&증권거래소,19,3,3,45,20
2020-03-21 15:00,(서울)국립서울과학관,19,3,3,40,20
2020-03-21 15:00,(서울)용산전자상가,19,3,3,40,20
2020-03-21 15:00,(서울)T.um(티움/SK텔레콤 체험관),19,3,3,45,20
2020-03-21 15:00,(서울)KT올레스퀘어,19,3,3,40,20
2020-03-21 15:00,(서울)김범우의 집 터,19,3,3,40,20
2020-03-21 15:00,(서울)명동 대성당,19,3,3,40,20
2020-03-21 15:00,(서울)좌포도청 터,19,3,3,40,20
2020-03-21 15:00,(서울)이벽의 집 터(수표교),19,3,3,40,20
2020-03-21 15:00,(서울)종로성당,19,3,3,40,20
2020-03-21 15:00,(서울)북촌한옥마을 석정보름우물,19,3,3,40,20
2020-03-21 15:00,(서울)가회동 성당,19,3,3,40,20
2020-03-21 15:00,(서울)혜화동 카톨릭대학교 성신교정,19,3,3,40,20
2020-03-21 15:00,(서울)우포도청 터,19,3,3,40,20
2020-03-21 15:00,(서울)서소문 밖 네거리 순교성지,19,3,3,40,20
2020-03-21 15:00,(서울)중림동 약현성당,19,3,3,40,20
2020-03-21 15:00,(서울)경기감영 터,19,3,3,40,20
2020-03-21 15:00,(서울)형조 터,19,3,3,40,20
2020-03-21 15:00,(서울)새남터 순교성지,19,3,3,45,20
2020-03-21 15:00,(서울)절두산 순교성지,19,3,3,45,20
2020-03-21 15:00,(서울)왜고개 성지,19,3,3,40,20
2020-03-21 15:00,(서울)당고개 순교성지,19,3,3,40,20
2020-03-21 15:00,(서울)작가들이 사랑한 구로공단길,18,3,3,45,20
2020-03-21 15:00,(서울)산업화와 노동자의 길,18,3,3,45,20
2020-03-21 15:00,(서울)구로공단 장터길,18,3,3,45,20
2020-03-21 15:00,(서울)우이 우이령길 입구,18,3,3,50,20
2020-03-21 15:00,(서울)대전차 장애물,18,3,3,50,20
2020-03-21 15:00,(양주)오봉산 전망대,18,3,3,50,20
2020-03-21 15:00,(양주)석굴암,18,3,3,50,20
2020-03-21 15:00,(양주)교현탐방지원센터,18,3,3,50,20
2020-03-21 15:00,(양주)교현 우이령길 입구,18,3,3,50,20
2020-03-21 15:00,(서울)조계사,19,3,3,40,20
2020-03-21 15:00,(서울)영화사,19,3,3,40,20
2020-03-21 15:00,(서울)승가사,19,3,3,45,20
2020-03-21 15:00,(서울)봉은사,20,3,3,40,20
2020-03-21 15:00,(서울)봉원사,19,3,3,40,20
2020-03-21 15:00,(서울)미래마을/풍납토성,19,3,3,40,20
2020-03-21 15:00,(서울)천호역,19,3,3,40,20
2020-03-21 15:00,(서울)한성백제박물관,19,3,3,40,20
2020-03-21 15:00,(서울)몽촌토성,19,3,3,40,20
2020-03-21 15:00,(서울)칠지도 상징물,19,3,3,40,20
2020-03-21 15:00,(서울)광장시장,19,3,3,40,20
2020-03-21 15:00,(서울)방산시장,19,3,3,40,20
2020-03-21 15:00,(서울)평화시장 벽화,19,3,3,40,20
2020-03-21 15:00,(서울)동대문디자인플라자,19,3,3,40,20
2020-03-21 15:00,(서울)동대문역사문화공원,19,3,3,40,20
2020-03-21 15:00,(서울)동대문 실크로드 이정표,19,3,3,40,20
2020-03-21 15:00,(서울)훈련원 공원,19,3,3,40,20
2020-03-21 15:00,(서울)흥인지문,19,3,3,40,20
2020-03-21 15:00,(서울)서울 한양도성,19,3,3,40,20
2020-03-21 15:00,(서울)장충단공원(수표교),19,3,3,40,20
2020-03-21 15:00,(서울)안중근의사기념관,19,3,3,40,20
2020-03-21 15:00,(서울)N서울타워,19,3,3,40,20
2020-03-21 15:00,(서울)봉수대,19,3,3,40,20
2020-03-21 15:00,(서울)북촌생활사박물관,19,3,3,40,20
2020-03-21 15:00,(서울)가회동 31번지 한옥촌,19,3,3,40,20
2020-03-21 15:00,(서울)가회민화박물관,19,3,3,40,20
2020-03-21 15:00,(서울)한상수자수공방,19,3,3,40,20
2020-03-21 15:00,(서울)가회동 11번지 한옥촌,19,3,3,40,20
2020-03-21 15:00,(서울)북촌문화센터,19,3,3,40,20
2020-03-21 15:00,(영월)장릉,19,3,3,35,20
2020-03-21 15:00,(태백)태백산,16,3,3,20,20
2020-03-21 15:00,(정선)민둥산,17,3,3,30,20
2020-03-21 15:00,(정선)강원랜드 카지노 체험,16,3,3,30,20
2020-03-21 15:00,(강릉)오죽헌 ,17,5,3,20,20
2020-03-21 15:00,(강릉)한과 체험 전시관,17,5,3,20,20
2020-03-21 15:00,(양양)낙산사,16,5,3,20,20
2020-03-21 15:00,(양양)휴휴암 ,15,5,3,20,20
2020-03-21 15:00,(강릉)경포대,18,5,3,20,20
2020-03-21 15:00,(양양)물치항회센터,17,5,3,20,20
2020-03-21 15:00,(원주)용소막성당,18,5,3,50,20
2020-03-21 15:00,(영월)당나귀 타는 원시마을,19,3,3,35,20
2020-03-21 15:00,(춘천)문배마을,18,3,3,45,20
2020-03-21 15:00,(춘천)강촌유원지,18,3,3,40,20
2020-03-21 15:00,(영월)별마로천문대,19,3,3,35,20
2020-03-21 15:00,(화천)연꽃단지,19,3,3,40,20
2020-03-21 15:00,(화천)평화의 댐,17,3,3,35,20
2020-03-21 15:00,(화천)감성마을,13,3,3,50,20
2020-03-21 15:00,(정선)아리랑학교 ,17,3,3,40,20
2020-03-21 15:00,(정선)화암동굴,18,3,3,30,20
2020-03-21 15:00,(정선)정선5일장,19,3,3,40,20
2020-03-21 15:00,(정선)아라리촌,19,3,3,40,20
2020-03-21 15:00,(정선)타임캡슐공원,18,3,3,40,20
2020-03-21 15:00,(정선)병방치스카이워크,19,3,3,40,20
2020-03-21 15:00,(정선)아우라지,20,3,3,35,20
2020-03-21 15:00,(부여)백제문화단지,19,3,3,60,20
2020-03-21 15:00,(공주)금강신관공원,20,3,4,40,30
2020-03-21 15:00,(공주)공산성,20,3,4,40,30
2020-03-21 15:00,(공주)밤토랑 마을,20,3,4,40,30
2020-03-21 15:00,(공주)무령왕릉,20,3,4,45,30
2020-03-21 15:00,(부여)궁남지,19,3,3,60,20
2020-03-21 15:00,(부여)낙화암/고란사,19,3,3,60,20
2020-03-21 15:00,(금산)보석사 ,20,2,3,45,20
2020-03-21 15:00,(금산)금강생태과학체험장,22,2,3,40,20
2020-03-21 15:00,(금산)칠백의총,21,3,3,45,20
2020-03-21 15:00,(금산)인삼약초시장,22,2,3,40,20
2020-03-21 15:00,(금산)금산인삼관,22,2,3,40,20
2020-03-21 15:00,(서산)아라메길(2구간),14,3,4,55,30
2020-03-21 15:00,(서산)해미순교성지,14,3,4,65,30
2020-03-21 15:00,(당진)솔뫼성지,19,3,4,55,30
2020-03-21 15:00,(서산)정순왕후생가,16,3,4,65,30
2020-03-21 15:00,(아산)공세리성당,20,3,4,50,30
2020-03-21 15:00,(서산)해미읍성 ,15,3,4,60,30
2020-03-21 15:00,(서천)동백정(동백나무숲),14,3,1,65,0
2020-03-21 15:00,(청양)고운식물원,19,3,3,55,20
2020-03-21 15:00,(서천)국립생태원,17,4,1,65,0
2020-03-21 15:00,(서천)조류생태전시관,17,4,1,65,0
2020-03-21 15:00,(서천)국립해양생물자원관,17,3,1,65,0
2020-03-21 15:00,(서천)송림산림욕장,17,3,1,65,0
2020-03-21 15:00,(청양)칠갑산천문대,20,3,3,50,20
2020-03-21 15:00,(청양)칠갑산오토캠핑장 ,20,3,3,55,20
2020-03-21 15:00,(청양)장곡사 ,20,3,3,50,20
2020-03-21 15:00,(청양)장승공원,20,3,3,50,20
2020-03-21 15:00,(아산)온양온천,20,3,4,45,30
2020-03-21 15:00,(아산)온양민속박물관 ,20,3,4,45,30
2020-03-21 15:00,(아산)환경과학공원,20,3,4,45,30
2020-03-21 15:00,(아산)레일바이크/코미디홀,20,3,4,45,30
2020-03-21 15:00,(아산)맹사성고택,21,3,4,45,30
2020-03-21 15:00,(아산)외암민속마을,21,3,4,45,30
2020-03-21 15:00,(아산)현충사,20,3,4,45,30
2020-03-21 15:00,(아산)봉곡사,21,3,4,40,30
2020-03-21 15:00,(아산)도고온천 ,20,3,4,50,30
2020-03-21 15:00,(아산)옹기 및 발효음식 전시체험관,20,3,4,50,30
2020-03-21 15:00,(아산)세계 꽃 식물원,20,3,4,50,30
2020-03-21 15:00,(서산)해미읍성,15,3,4,60,30
2020-03-21 15:00,(서산)버드랜드,15,3,3,70,20
2020-03-21 15:00,(서산)나비아이,16,3,4,65,30
2020-03-21 15:00,(서산)간월암,15,3,3,70,20
2020-03-21 15:00,(서산)개심사,14,3,4,55,30
2020-03-21 15:00,(서산)용현리 마애여래삼존상,14,3,4,55,30
2020-03-21 15:00,(금산)금산인삼축제,22,2,3,40,20
2020-03-21 15:00,(금산)지구촌민속박물관,22,2,3,40,20
2020-03-21 15:00,(금산)어죽마을,22,2,3,40,20
2020-03-21 15:00,(금산)금강생태과학체험장 금강솔바람길,22,2,3,40,20
2020-03-21 15:00,(금산)산림문화타운 생태숲,22,3,3,45,20
2020-03-21 15:00,(금산)십이폭포,22,2,3,45,20
2020-03-21 15:00,(금산)개삼터공원,20,2,3,45,20
2020-03-21 15:00,(금산)보석사,20,2,3,45,20
2020-03-21 15:00,(서천)동백정,14,3,1,65,0
2020-03-21 15:00,(청양)장곡사,20,3,3,50,20
2020-03-21 15:00,(청양)칠갑산오토캠핑장,20,3,3,55,20
2020-03-21 15:00,(예산)덕산온천,17,3,4,55,30
2020-03-21 15:00,(예산)예당관광지,20,3,3,50,20
2020-03-21 15:00,(전주)초록바위 ,22,2,1,50,0
2020-03-21 15:00,(정읍)유애사유허비,21,2,1,45,0
2020-03-21 15:00,(정읍)말목장터와 감나무 ,21,3,1,50,0
2020-03-21 15:00,(정읍)동학농민혁명기념관/황토현전적지,21,3,1,50,0
2020-03-21 15:00,(전주)풍남문/한옥마을/buy전라북도상품관,21,2,3,50,20
2020-03-21 15:00,(완주)삼례문화촌(삼삼예예미미),21,3,3,50,20
2020-03-21 15:00,(완주)삼례봉기 역사광장 ,21,3,3,50,20
2020-03-21 15:00,(정읍)만석보,21,3,1,50,0
2020-03-21 15:00,(정읍)전봉준장군 고택,20,3,1,50,0
2020-03-21 15:00,(순창)강천산,21,2,1,50,0
2020-03-21 15:00,(임실)임실치즈체험센터,21,2,3,50,20
2020-03-21 15:00,(순창)전봉준장군 피체지,21,2,1,45,0
2020-03-21 15:00,(전주)한옥마을/경기전/전주동학혁명기념관,21,2,3,50,20
2020-03-21 15:00,(고창)선운사 도솔암 마애불,18,3,1,60,0
2020-03-21 15:00,(고창)전봉준장군 생가터,19,3,1,50,0
2020-03-21 15:00,(고창)병바위/책바위,18,3,1,55,0
2020-03-21 15:00,(완주)삼례봉기 역사광장,21,3,3,50,20
2020-03-21 15:00,(전주)초록 바위,22,2,1,50,0
2020-03-21 15:00,(전주)경기전,21,2,3,50,20
2020-03-21 15:00,(전주)풍남문,21,2,3,50,20
2020-03-21 15:00,(전주)덕진공원,21,2,3,50,20
2020-03-21 15:00,(부안)백산성,20,3,1,50,0
2020-03-21 15:00,(고창)선운사 도솔암 마애불/병바위/책바위,18,3,1,60,0
2020-03-21 15:00,(전주)한옥마을 ,21,2,3,50,20
2020-03-21 15:00,(정읍)충열사 ,21,2,1,45,0
2020-03-21 15:00,(전주)초록바위,22,2,1,50,0
2020-03-21 15:00,(전주)풍남문/buy전라북도상품관,21,2,3,50,20
2020-03-21 15:00,(순창)강천산 ,21,2,1,50,0
2020-03-21 15:00,(전주)한지박물관,21,2,3,50,20
2020-03-21 15:00,(전주)조경단,21,2,3,50,20
2020-03-21 15:00,(진안)창작공예공방 체험 ,20,3,3,45,20
2020-03-21 15:00,(진안)마이산,20,3,3,45,20
2020-03-21 15:00,(전주)한옥마을,21,2,3,50,20
2020-03-21 15:00,(진안)창작공예공방,20,3,3,45,20
2020-03-21 15:00,(진안)홍삼스파,20,3,3,45,20
2020-03-21 15:00,(임실)상이암,20,2,3,50,20
2020-03-21 15:00,(임실)성수산 휴양림,20,2,3,50,20
2020-03-21 15:00,(임실)사선대,21,2,3,50,20
2020-03-21 15:00,(남원)국악의 성지,20,2,3,50,20
2020-03-21 15:00,(남원)황산대첩비지,20,2,3,50,20
2020-03-21 15:00,(순창)만일사,22,2,1,45,0
2020-03-21 15:00,(임실)상이암 ,20,2,3,50,20
2020-03-21 15:00,(남원)항공우주천문대,22,2,3,45,20
2020-03-21 15:00,(진안)마이산 탐방,20,3,3,45,20
2020-03-21 15:00,(임실)임실치즈테마파크,21,2,3,50,20
2020-03-21 15:00,(임실)치즈테마파크,21,2,3,50,20
2020-03-21 15:00,(곡성)섬진강(증기기관차/레일바이크),23,2,1,45,0
2020-03-21 15:00,(여수)2012여수세계박람회장(홍보관),20,5,1,55,0
2020-03-21 15:00,(여수)선소,19,5,1,55,0
2020-03-21 15:00,(광양)광양제철소,22,3,1,40,0
2020-03-21 15:00,(여수)진남관,19,5,1,55,0
2020-03-21 15:00,(광양)광양항(홍보관),18,3,3,45,20
2020-03-21 15:00,(목포)자연사박물관/국립해양유물전시관,19,5,1,50,0
2020-03-21 15:00,(신안)갯벌생태전시관,19,5,1,55,0
2020-03-21 15:00,(영암)F1경기장,19,5,1,50,0
2020-03-21 15:00,(영암)전라남도 농업박물관,19,5,1,50,0
2020-03-21 15:00,(신안)증도 소금박물관,17,5,1,60,0
2020-03-21 15:00,(순천)순천만자연생태공원,22,3,1,55,0
2020-03-21 15:00,(순천)순천낙안읍성민속마을,21,3,1,45,0
2020-03-21 15:00,(고흥)우주과학관/나로우주센터,18,5,1,60,0
2020-03-21 15:00,(고흥)국립청소년우주체험센터,18,4,1,60,0
2020-03-21 15:00,(순천)드라마세트장,22,3,1,55,0
2020-03-21 15:00,(고흥)소록도,19,3,1,60,0
2020-03-21 15:00,(고흥)우주천문과학관,19,3,1,60,0
2020-03-21 15:00,(해남)두륜산케이블카,19,3,1,55,0
2020-03-21 15:00,(강진)영랑생가,20,4,1,50,0
2020-03-21 15:00,(강진)다산초당,19,3,1,50,0
2020-03-21 15:00,(해남)땅끝전망대,18,3,1,65,0
2020-03-21 15:00,(완도)청해진유적,17,3,1,60,0
2020-03-21 15:00,(해남)우항리공룡화석지 ,19,4,1,55,0
2020-03-21 15:00,(화순)운주사,22,3,1,35,0
2020-03-21 15:00,(화순)고인돌군,22,3,1,35,0
2020-03-21 15:00,(보성)보성다원,20,3,1,50,0
2020-03-21 15:00,(장흥)정남진천문과학관,20,3,1,50,0
2020-03-21 15:00,(보성)서재필기념공원,22,3,1,45,0
2020-03-21 15:00,(영암)왕인박사유적지,21,3,1,50,0
2020-03-21 15:00,(영암)구림전통마을,21,3,1,50,0
2020-03-21 15:00,(보성)한국차소리문화공원,21,3,1,50,0
2020-03-21 15:00,(강진)고려청자도요지,19,3,1,50,0
2020-03-21 15:00,(영암)마한문화공원,20,4,1,50,0
2020-03-21 15:00,(순천)낙안읍성민속마을,21,3,1,45,0
2020-03-21 15:00,(여수)오동도,20,5,1,50,0
2020-03-21 15:00,(곡성)섬진강기차마을,23,2,1,40,0
2020-03-21 15:00,(구례)화엄사,17,2,3,55,20
2020-03-21 15:00,(구례)노고단(성삼재),17,2,3,55,20
2020-03-21 15:00,(순천)송광사,23,3,1,45,0
2020-03-21 15:00,(청송)얼음골,20,3,1,35,0
2020-03-21 15:00,(청송)주산지,20,3,1,35,0
2020-03-21 15:00,(청송)절골,20,3,1,35,0
2020-03-21 15:00,(청송)자연휴양림,21,3,1,35,0
2020-03-21 15:00,(청송)주왕산국립공원,22,3,1,30,0
2020-03-21 15:00,(청송)신성계곡,21,3,1,40,0
2020-03-21 15:00,(청송)백석탄,21,3,1,40,0
2020-03-21 15:00,(예천)천문과학문화센터,21,3,3,30,20
2020-03-21 15:00,(예천)곤충생태체험관,18,3,3,35,20
2020-03-21 15:00,(예천)회룡포,23,3,3,40,20
2020-03-21 15:00,(예천)학가산우래자연휴양림,22,3,3,30,20
2020-03-21 15:00,(예천)진호국제양궁장,22,3,3,35,20
2020-03-21 15:00,(예천)효자 도시복 생가,19,3,3,35,20
2020-03-21 15:00,(예천)예천온천,21,3,3,30,20
2020-03-21 15:00,(경주)보문관광단지,24,3,1,30,0
2020-03-21 15:00,(경주)불국사,22,3,1,35,0
2020-03-21 15:00,(경주)석굴암,22,3,1,35,0
2020-03-21 15:00,(경주)안압지,25,4,1,25,0
2020-03-21 15:00,(경주)석빙고,25,4,1,25,0
2020-03-21 15:00,(경주)첨성대,25,4,1,25,0
2020-03-21 15:00,(경주)대릉원(천마총) 가는길,25,4,1,25,0
2020-03-21 15:00,(울릉)도동항,13,3,1,55,0
2020-03-21 15:00,(울릉)독도전망대케이블카,13,3,1,55,0
2020-03-21 15:00,(울릉)독도박물관(약수공원),13,3,1,55,0
2020-03-21 15:00,(울릉)독도관광,12,7,1,75,0
2020-03-21 15:00,(울릉)봉래폭포,13,4,1,55,0
2020-03-21 15:00,(울릉)내수전일출전망대,13,4,1,55,0
2020-03-21 15:00,(울릉)행남해안산책로,13,3,1,55,0
2020-03-21 15:00,(울릉)죽도관광,15,4,1,55,0
2020-03-21 15:00,(울릉)성인봉(나리분지) ,13,4,1,55,0
2020-03-21 15:00,(울진)왕피천엑스포공원,16,4,1,60,0
2020-03-21 15:00,(울진)성류굴 ,16,4,1,60,0
2020-03-21 15:00,(울진)백암온천 ,18,4,1,35,0
2020-03-21 15:00,(울진)백암산,19,3,1,30,0
2020-03-21 15:00,(울진)금강송 군락지,19,4,1,40,0
2020-03-21 15:00,(울진)민물고기 생태체험관,16,4,1,60,0
2020-03-21 15:00,(울진)불영사·불영사계곡,16,4,1,60,0
2020-03-21 15:00,(울진)덕구계곡·덕구온천,19,4,3,40,20
2020-03-21 15:00,(영덕)경보화석박물관,21,4,1,40,0
2020-03-21 15:00,(영덕)부경온천,21,4,1,40,0
2020-03-21 15:00,(영덕)오십천,20,4,1,45,0
2020-03-21 15:00,(영덕)강구항,20,4,1,40,0
2020-03-21 15:00,(영덕)팔각산,21,3,1,35,0
2020-03-21 15:00,(영덕)신돌석장군유적지,20,4,1,45,0
2020-03-21 15:00,(영덕)인량리전통마을 ,19,4,1,40,0
2020-03-21 15:00,(영덕)풍력발전단지,19,4,1,45,0
2020-03-21 15:00,(영덕)해맞이공원,19,4,1,45,0
2020-03-21 15:00,(영덕)괴시리전통마을,19,4,1,45,0
2020-03-21 15:00,(영덕)고래불해수욕장,18,4,1,40,0
2020-03-21 15:00,(영덕)삼사해상공원,21,4,1,40,0
2020-03-21 15:00,(경주)삼릉,25,4,1,25,0
2020-03-21 15:00,(경주)포석정,25,4,1,25,0
2020-03-21 15:00,(경주)부처골감실여래좌상,25,4,1,25,0
2020-03-21 15:00,(경주)장창지,25,4,1,25,0
2020-03-21 15:00,(경주)옥룡암,25,4,1,25,0
2020-03-21 15:00,(경주)마애삼존불,25,4,1,25,0
2020-03-21 15:00,(경주)금오정,25,4,1,25,0
2020-03-21 15:00,(경주)보리사,25,4,1,25,0
2020-03-21 15:00,(경주)금오산,26,3,1,30,0
2020-03-21 15:00,(경주)상선암,25,4,1,25,0
2020-03-21 15:00,(경주)국립경주박물관,25,4,1,25,0
2020-03-21 15:00,(경주)토함산 자연휴양림,22,3,1,35,0
2020-03-21 15:00,(경주)신라역사과학관,24,3,1,30,0
2020-03-21 15:00,(포항)장기읍성,21,5,1,50,0
2020-03-21 15:00,(포항)방사광가속연구소,22,4,1,40,0
2020-03-21 15:00,(포항)호미곶해맞이광장/국립등대박물관,20,5,1,55,0
2020-03-21 15:00,(포항)포스코역사관,22,5,1,40,0
2020-03-21 15:00,(포항)일월지,22,4,1,35,0
2020-03-21 15:00,(포항)내연산,21,4,1,40,0
2020-03-21 15:00,(포항)보경사,21,4,1,40,0
2020-03-21 15:00,(포항)경상북도수목원,21,3,1,35,0
2020-03-21 15:00,(포항)환호해맞이공원,22,5,1,45,0
2020-03-21 15:00,(칠곡)가실(낙산) 성당,23,2,1,30,0
2020-03-21 15:00,(칠곡)성베네딕도왜관수도원,23,2,1,35,0
2020-03-21 15:00,(칠곡)송정자연휴양림,23,2,1,30,0
2020-03-21 15:00,(칠곡)가산산성,19,1,1,35,0
2020-03-21 15:00,(칠곡)한티성지,19,1,1,35,0
2020-03-21 15:00,(칠곡)신나무골성지,23,2,1,30,0
2020-03-21 15:00,(칠곡)다부동전적기념관,22,2,1,30,0
2020-03-21 15:00,(칠곡)유학산6.25격전지,22,2,1,30,0
2020-03-21 15:00,(칠곡)왜관전적기념관,23,3,1,35,0
2020-03-21 15:00,(칠곡)도개온천 ,23,2,1,30,0
2020-03-21 15:00,(칠곡)낙동강구철교,23,2,1,35,0
2020-03-21 15:00,(성주)참외생태학습관,24,2,1,30,0
2020-03-21 15:00,(성주)가야산야생화식물원,19,2,1,30,0
2020-03-21 15:00,(합천)녹색농촌마을,22,2,1,30,0
2020-03-21 15:00,(성주)가야산,19,2,1,30,0
2020-03-21 15:00,(성주)성산동고분군,24,2,1,30,0
2020-03-21 15:00,(성주)감응사,24,2,1,25,0
2020-03-21 15:00,(성주)세종대왕자태실,23,2,1,30,0
2020-03-21 15:00,(성주)한개마을,24,2,1,25,0
2020-03-21 15:00,(성주)성밖숲,24,2,1,30,0
2020-03-21 15:00,(고령)백산초등학교,24,2,1,35,0
2020-03-21 15:00,(고령)개실마을,24,2,1,35,0
2020-03-21 15:00,(고령)우륵박물관,24,2,1,30,0
2020-03-21 15:00,(고령)대가야고분관광로,24,2,1,35,0
2020-03-21 15:00,(고령)대가야박물관,24,2,1,35,0
2020-03-21 15:00,(고령)지산동고분군,24,2,1,35,0
2020-03-21 15:00,(고령)고천원공원 ,24,2,1,35,0
2020-03-21 15:00,(고령)김면장군유적,24,2,1,35,0
2020-03-21 15:00,(고령)대가야문화학교,22,2,1,35,0
2020-03-21 15:00,(고령)반룡사,22,2,1,35,0
2020-03-21 15:00,(고령)양전동암각화,24,2,1,30,0
2020-03-21 15:00,(청도)처진소나무,24,3,1,25,0
2020-03-21 15:00,(청도)운문댐,24,3,1,25,0
2020-03-21 15:00,(청도)운문산자연휴양림,21,3,1,25,0
2020-03-21 15:00,(청도)운문사,24,3,1,25,0
2020-03-21 15:00,(청도)동창천삼족대,24,3,1,25,0
2020-03-21 15:00,(군위)옹기나라 도예체험(인각사/화산산성),23,3,1,35,0
2020-03-21 15:00,(군위)장곡자연휴양림,22,3,1,35,0
2020-03-21 15:00,(군위)신비의소나무,22,3,1,35,0
2020-03-21 15:00,(군위)경북대 자연사박물관,22,2,1,35,0
2020-03-21 15:00,(경산)갓바위 ,20,2,1,35,0
2020-03-21 15:00,(경산)영남대박물관,24,3,1,25,0
2020-03-21 15:00,(경산)원효암,22,3,1,35,0
2020-03-21 15:00,(경산)상대온천관광호텔,24,3,1,25,0
2020-03-21 15:00,(경산)도동재,24,3,1,25,0
2020-03-21 15:00,(경산)제석사,25,3,1,30,0
2020-03-21 15:00,(경산)압량유적,24,3,1,25,0
2020-03-21 15:00,(경산)임당동고분군,24,3,1,30,0
2020-03-21 15:00,(경산)석정온천,23,3,1,25,0
2020-03-21 15:00,(경산)계정숲(한장군묘),25,3,1,25,0
2020-03-21 15:00,(영천)영천댐호반도로,23,3,1,35,0
2020-03-21 15:00,(영천)오리장림 ,22,3,1,35,0
2020-03-21 15:00,(영천)정각별빛마을,20,3,1,35,0
2020-03-21 15:00,(영천)보현산천문대,21,3,1,35,0
2020-03-21 15:00,(영천)보현자연수련원,20,3,1,35,0
2020-03-21 15:00,(영천)돌할매,24,3,1,25,0
2020-03-21 15:00,(영천)만불산,24,3,1,30,0
2020-03-21 15:00,(구미)채미정,24,2,1,30,0
2020-03-21 15:00,(구미)약사암,24,2,1,30,0
2020-03-21 15:00,(구미)금오지,24,2,1,30,0
2020-03-21 15:00,(구미)자연환경연수원,24,2,1,30,0
2020-03-21 15:00,(구미)박정희대통령생가,22,2,1,35,0
2020-03-21 15:00,(구미)법성사,22,2,1,35,0
2020-03-21 15:00,(구미)지주중류비,24,2,1,35,0
2020-03-21 15:00,(구미)일선리문화재단지,24,2,1,35,0
2020-03-21 15:00,(구미)도리사,23,2,1,35,0
2020-03-21 15:00,(구미)선산(해평) 낙산 삼층 석탑,24,2,1,35,0
2020-03-21 15:00,(구미)도개(전모례가정/신라불교초전지마을),24,2,1,35,0
2020-03-21 15:00,(구미)죽장리 오층석탑,24,2,1,35,0
2020-03-21 15:00,(김천)황학산,25,3,1,25,0
2020-03-21 15:00,(김천)직지사 ,25,3,1,25,0
2020-03-21 15:00,(김천)용화사 ,25,3,1,25,0
2020-03-21 15:00,(김천)옛날솜씨마을,23,2,1,30,0
2020-03-21 15:00,(김천)청암사,23,2,1,30,0
2020-03-21 15:00,(김천)수도암 ,20,2,1,35,0
2020-03-21 15:00,(김천)강변조각공원,24,3,1,35,0
2020-03-21 15:00,(봉화)백천계곡,17,3,3,20,20
2020-03-21 15:00,(봉화)청옥산/자연휴양림,17,3,3,25,20
2020-03-21 15:00,(봉화)고선계곡,18,3,3,30,20
2020-03-21 15:00,(봉화)금강소나무숲 산책로,20,3,3,25,20
2020-03-21 15:00,(봉화)축서사,20,3,3,25,20
2020-03-21 15:00,(봉화)만산고택 권진사댁,20,3,3,30,20
2020-03-21 15:00,(봉화)각화사(태백산사고지),20,3,3,25,20
2020-03-21 15:00,(봉화)오전약수관광지,20,3,3,25,20
2020-03-21 15:00,(봉화)닭실마을,22,3,3,25,20
2020-03-21 15:00,(봉화)이나리강변,21,3,3,25,20
2020-03-21 15:00,(봉화)다덕약수관광지,21,3,3,25,20
2020-03-21 15:00,(봉화)청량산박물관,20,3,3,25,20
2020-03-21 15:00,(봉화)청량산(청량사),19,3,3,25,20
2020-03-21 15:00,(예천)예천진호 국제양궁장,22,3,3,35,20
2020-03-21 15:00,(예천)양수발전소,19,3,3,35,20
2020-03-21 15:00,(예천)산업곤충박물관,18,3,3,35,20
2020-03-21 15:00,(예천)학가산/우래자연휴양림 ,22,3,3,30,20
2020-03-21 15:00,(예천)보문사,22,3,3,30,20
2020-03-21 15:00,(예천)용문사,20,3,3,35,20
2020-03-21 15:00,(예천)금당실마을,22,3,3,35,20
2020-03-21 15:00,(영양)선바위관광지구,21,3,1,30,0
2020-03-21 15:00,(영양)검마산자연휴양림,21,3,1,30,0
2020-03-21 15:00,(영양)일원산 자생화공원,20,3,1,30,0
2020-03-21 15:00,(영양)반딧불이생태공원,20,3,1,35,0
2020-03-21 15:00,(영양)서석지(연당마을),21,3,1,30,0
2020-03-21 15:00,(영양)감천마을,21,3,1,30,0
2020-03-21 15:00,(영양)금경연과 금촌마을,21,3,1,30,0
2020-03-21 15:00,(영양)오일도,21,3,1,30,0
2020-03-21 15:00,(영양)이문열과 두들마을,21,3,1,35,0
2020-03-21 15:00,(영양)수하청소년수련원,20,3,1,30,0
2020-03-21 15:00,(영양)조지훈과 주실마을,21,3,1,30,0
2020-03-21 15:00,(청송)주왕산·대전사,22,3,1,30,0
2020-03-21 15:00,(청송)달기약수,22,3,1,30,0
2020-03-21 15:00,(청송)방호정,21,3,1,40,0
2020-03-21 15:00,(청송)양수발전소,22,3,1,35,0
2020-03-21 15:00,(청송)야송미술관,22,3,1,35,0
2020-03-21 15:00,(청송)한지장·예술의 집,22,3,1,30,0
2020-03-21 15:00,(청송)송소고택,22,3,1,35,0
2020-03-21 15:00,(청송)진보옹기체험관,22,3,1,35,0
2020-03-21 15:00,(의성)대곡사(비봉산),23,3,3,30,20
2020-03-21 15:00,(의성)사촌마을,22,3,1,25,0
2020-03-21 15:00,(의성)고운사,22,3,1,25,0
2020-03-21 15:00,(의성)비안향교,23,2,3,30,20
2020-03-21 15:00,(의성)교촌농촌체험마을,23,2,3,30,20
2020-03-21 15:00,(의성)산운마을,24,3,1,30,0
2020-03-21 15:00,(의성)금성산고분군 ,24,3,1,30,0
2020-03-21 15:00,(의성)의성향교,24,3,1,25,0
2020-03-21 15:00,(의성)탑산약수온천,23,3,1,25,0
2020-03-21 15:00,(문경)대승사,19,3,3,35,20
2020-03-21 15:00,(문경)경천호,21,3,3,35,20
2020-03-21 15:00,(문경)김용사,20,3,3,35,20
2020-03-21 15:00,(문경)철로자전거,20,4,4,35,30
2020-03-21 15:00,(문경)문경활공장,20,4,4,35,30
2020-03-21 15:00,(문경)사계절썰매장,18,4,4,40,30
2020-03-21 15:00,(문경)불정자연휴양림 ,21,3,4,35,30
2020-03-21 15:00,(문경)관광사격장,21,3,4,35,30
2020-03-21 15:00,(문경)연개소문 촬영장,21,3,4,35,30
2020-03-21 15:00,(문경)고모산성(토천),21,3,4,35,30
2020-03-21 15:00,(문경)석탄박물관,21,3,4,35,30
2020-03-21 15:00,(문경)도자기전시관,19,4,4,35,30
2020-03-21 15:00,(문경)청운각 ,20,4,4,35,30
2020-03-21 15:00,(문경)문경세재 1~3관문,18,4,4,40,30
2020-03-21 15:00,(상주)병천농촌체험마을,20,3,4,35,30
2020-03-21 15:00,(상주)용유계곡,20,3,4,35,30
2020-03-21 15:00,(상주)문장대,19,3,4,35,30
2020-03-21 15:00,(상주)동학교당,21,3,4,35,30
2020-03-21 15:00,(상주)성주봉자연휴양림,21,3,4,35,30
2020-03-21 15:00,(상주)상주박물관,23,3,3,35,20
2020-03-21 15:00,(상주)갑장산,23,3,3,30,20
2020-03-21 15:00,(상주)경천대 ,23,3,3,35,20
2020-03-21 15:00,(상주)충의사,23,3,3,35,20
2020-03-21 15:00,(상주)임란북천전적지,22,3,3,35,20
2020-03-21 15:00,(영주)가흥리 마애산존불상·가흥리암각화 ,21,3,3,25,20
2020-03-21 15:00,(영주)괴헌고택 ,21,3,3,25,20
2020-03-21 15:00,(영주)풍기인삼시장,20,3,3,30,20
2020-03-21 15:00,(영주)흑석사,21,3,3,25,20
2020-03-21 15:00,(영주)수도리전통마을,22,3,3,30,20
2020-03-21 15:00,(영주)희방사·희방폭포,17,3,3,30,20
2020-03-21 15:00,(영주)풍기온천,17,3,3,30,20
2020-03-21 15:00,(영주)천문대 ,17,3,3,30,20
2020-03-21 15:00,(영주)죽령옛길,17,3,3,30,20
2020-03-21 15:00,(영주)풍기인견전시·판매장,20,3,3,30,20
2020-03-21 15:00,(영주)옥녀봉자연휴양림 ,18,3,3,30,20
2020-03-21 15:00,(영주)풍기인삼시장 ,20,3,3,30,20
2020-03-21 15:00,(영주)순흥읍내리 벽화고분/금성단,21,3,3,25,20
2020-03-21 15:00,(영주)초암사(죽계구곡),17,3,3,30,20
2020-03-21 15:00,(안동)묵계종택(묵계서원/만휴정) ,23,3,1,30,0
2020-03-21 15:00,(안동)전주류씨 무실종택/수애당,21,3,1,30,0
2020-03-21 15:00,(안동)의성김씨 종택,21,3,3,25,20
2020-03-21 15:00,(안동)안동댐,22,3,3,25,20
2020-03-21 15:00,(안동)태사묘,22,3,3,25,20
2020-03-21 15:00,(안동)안동소주 박물관(전통음식박물관),23,3,3,25,20
2020-03-21 15:00,(안동)임청각,22,3,3,25,20
2020-03-21 15:00,(경주)감은사지,20,4,1,45,0
2020-03-21 15:00,(경주)반월성,25,4,1,25,0
2020-03-21 15:00,(경주)이견대 ,21,4,1,45,0
2020-03-21 15:00,(경주)골굴사,20,3,1,40,0
2020-03-21 15:00,(경주)기림사,20,3,1,40,0
2020-03-21 15:00,(안동)영호루,23,3,3,25,20
2020-03-21 15:00,(안동)병산서원,22,3,3,30,20
2020-03-21 15:00,(안동)안동한지 전시·체험관,22,3,3,30,20
2020-03-21 15:00,(안동)하회동탈박물관 ,23,3,3,35,20
2020-03-21 15:00,(안동)하회마을,23,3,3,35,20
2020-03-21 15:00,(안동)봉정사,20,3,3,30,20
2020-03-21 15:00,(서귀포)비엘바이크파크,20,4,1,55,0
2020-03-21 15:00,(서귀포)최남단체험감귤농장,19,3,1,65,0
2020-03-21 15:00,(제주)별빛누리공원,22,3,1,40,0
2020-03-21 15:00,(제주)하도해변,21,4,1,55,0
2020-03-21 15:00,(제주)산굼부리,22,3,1,40,0
2020-03-21 15:00,(서귀포)월드컵경기장,19,4,3,70,20
2020-03-21 15:00,(제주)김녕미로공원,22,3,1,50,0
2020-03-21 15:00,(서귀포)섭지코지,21,5,1,55,0
2020-03-21 15:00,(제주)우도해양도립공원,21,5,1,55,0
2020-03-21 15:00,(서귀포)혼인지,20,4,1,55,0
2020-03-21 15:00,(서귀포)새섬,19,4,3,70,20
2020-03-21 15:00,(제주)만장굴,22,3,1,50,0
2020-03-21 15:00,(제주)세화해변,21,5,1,60,0
2020-03-21 15:00,(서귀포)신양 섭지코지 해변,21,5,1,55,0
2020-03-21 15:00,(제주)세화해안도로,21,4,1,55,0
2020-03-21 15:00,(제주)제주민속촌,19,4,1,65,0
2020-03-21 15:00,(서귀포)김영갑갤러리두모악,20,4,1,60,0
2020-03-21 15:00,(제주)저지문화예술인마을/현대미술관,18,4,1,70,0
2020-03-21 15:00,(제주)도립미술관,22,3,1,40,0
2020-03-21 15:00,(제주)해녀박물관,21,5,1,60,0
2020-03-21 15:00,(제주)국제공항,22,3,1,45,0
2020-03-21 15:00,(제주)돌마을,18,4,1,70,0
2020-03-21 15:00,(제주)국립제주박물관,23,3,1,45,0
2020-03-21 15:00,(제주)민속자연사박물관,23,3,1,45,0
2020-03-21 15:00,(서귀포)김정희유배지,17,5,1,70,0
2020-03-21 15:00,(서귀포)왈종미술관,18,4,3,70,20
2020-03-21 15:00,(서귀포)시립기당미술관,18,4,3,70,20
2020-03-21 15:00,(서귀포)이중섭미술관,18,4,3,70,20
2020-03-21 15:00,(제주)동문시장,23,3,1,45,0
2020-03-21 15:00,(제주)칠성로상가조합,23,3,1,45,0
2020-03-21 15:00,(제주)중앙지하상가,23,3,1,45,0
2020-03-21 15:00,(제주)관덕정,23,3,1,45,0
2020-03-21 15:00,(제주)용두암,22,3,1,45,0
2020-03-21 15:00,(제주)4·3평화공원,22,3,1,40,0
2020-03-21 15:00,(제주)노루생태관찰원,22,3,1,40,0
2020-03-21 15:00,(제주)절물자연휴양림,22,3,1,40,0
2020-03-21 15:00,(김해)한림민속박물관,20,3,1,55,0
2020-03-21 15:00,(김해)봉황대,20,5,1,50,0
2020-03-21 15:00,(김해)김해천문대,20,5,1,50,0
2020-03-21 15:00,(김해)수로왕릉,20,5,1,50,0
2020-03-21 15:00,(김해)수로왕비릉,20,5,1,50,0
2020-03-21 15:00,(김해)대성동고분박물관,20,5,1,50,0
2020-03-21 15:00,(김해)국립김해박물관,20,5,1,50,0
2020-03-21 15:00,(김해)무척산관광농원,21,3,1,55,0
2020-03-21 15:00,(김해)클레이아크김해미술관,20,3,1,45,0
2020-03-21 15:00,(김해)봉황대유적,20,5,1,50,0
2020-03-21 15:00,(김해)연지공원,20,5,1,50,0
2020-03-21 15:00,(김해)노무현대통령 생가,21,3,1,50,0
2020-03-21 15:00,(거창)마학동계곡,18,2,3,40,20
2020-03-21 15:00,(거창)병곡리,13,2,3,45,20
2020-03-21 15:00,(거창)월성계곡(강선대/사선대/장군바위),18,2,3,40,20
2020-03-21 15:00,(거창)황산고가 민박촌,22,2,3,40,20
2020-03-21 15:00,(거창)허브체험(허브찻집 민들레울),22,2,3,40,20
2020-03-21 15:00,(거창)수승대관광지,22,2,3,40,20
2020-03-21 15:00,(거창)정온선생 종택,22,2,3,40,20
2020-03-21 15:00,(거창)거창박물관,23,2,1,40,0
2020-03-21 15:00,(거창)수승대,22,2,3,40,20
2020-03-21 15:00,(거창)가조면 수월리,20,2,1,40,0
2020-03-21 15:00,(거창)가조온천휴양지,22,2,1,40,0
2020-03-21 15:00,(거창)남하면 둔마리 고분벽화,21,2,1,40,0
2020-03-21 15:00,(거창)우두산,21,2,1,35,0
2020-03-21 15:00,(산청)생초창작스튜디오,23,2,1,40,0
2020-03-21 15:00,(산청)구형왕릉,23,2,1,40,0
2020-03-21 15:00,(산청)남명조식유적,25,2,1,40,0
2020-03-21 15:00,(산청)생초국제조각공원,23,2,1,40,0
2020-03-21 15:00,(산청)류의태약수터,23,2,1,40,0
2020-03-21 15:00,(산청)경호강 래프팅,23,2,1,35,0
2020-03-21 15:00,(산청)목면시배유지,24,2,1,35,0
2020-03-21 15:00,(산청)남사예담촌,23,2,1,40,0
2020-03-21 15:00,(남해)상주은모래비치,18,6,1,55,0
2020-03-21 15:00,(남해)상주유람선,18,6,1,55,0
2020-03-21 15:00,(남해)죽방렴,19,5,1,55,0
2020-03-21 15:00,(남해)해오름예술촌,18,6,1,60,0
2020-03-21 15:00,(남해)가족휴양촌,19,6,1,50,0
2020-03-21 15:00,(남해)창선·삼천포대교,19,5,1,55,0
2020-03-21 15:00,(남해)가천다랭이마을,19,6,1,50,0
2020-03-21 15:00,(남해)스포츠파크,23,5,1,40,0
2020-03-21 15:00,(남해)남해대교,21,4,1,45,0
2020-03-21 15:00,(남해)화방사,23,5,1,45,0
2020-03-21 15:00,(거제)자연휴양림 ,17,6,1,70,0
2020-03-21 15:00,(거제)해금강/외도(유람선관광) ,18,6,1,70,0
2020-03-21 15:00,(거제)거제대교,18,6,1,65,0
2020-03-21 15:00,(거제)자연예술랜드,18,6,1,65,0
2020-03-21 15:00,(거제)포로수용소유적공원,19,6,1,60,0
2020-03-21 15:00,(거제)여차,17,6,1,70,0
2020-03-21 15:00,(거제)어촌민속전시관,17,5,1,60,0
2020-03-21 15:00,(거제)홍포 ,17,6,1,70,0
2020-03-21 15:00,(거제)옥포대첩기념공원,18,6,1,70,0
2020-03-21 15:00,(거제)김영삼 전 대통령생가 ,18,6,1,65,0
2020-03-21 15:00,(거제)삼성조선,18,6,1,65,0
2020-03-21 15:00,(거제)대우조선,18,6,1,65,0
2020-03-21 15:00,(통영)착량묘,18,6,1,65,0
2020-03-21 15:00,(통영)해저터널,18,6,1,65,0
2020-03-21 15:00,(통영)충렬사,18,6,1,65,0
2020-03-21 15:00,(통영)세병관(통제영지),18,6,1,65,0
2020-03-21 15:00,(통영)향토역사관,18,6,1,65,0
2020-03-21 15:00,(통영)중앙활어시장,18,6,1,65,0
2020-03-21 15:00,(통영)전혁림미술관,18,6,1,65,0
2020-03-21 15:00,(통영)도남관광지,18,6,1,65,0
2020-03-21 15:00,(통영)소매물도,16,7,1,70,0
2020-03-21 15:00,(거제)해금강,18,6,1,70,0
2020-03-21 15:00,(통영)한산도 제승당,16,6,1,65,0
2020-03-21 15:00,(창녕)우포늪,25,2,1,35,0
2020-03-21 15:00,(산청)경호강래프팅,22,2,1,35,0
2020-03-21 15:00,(함양)정병호 가옥 ,21,2,3,45,20
2020-03-21 15:00,(합천)해인사,19,2,1,30,0
2020-03-21 15:00,(하동)평사리 최참판댁,23,2,1,50,0
2020-03-21 15:00,(창원)문신미술관,20,3,1,45,0
2020-03-21 15:00,(통영)청마문학관,18,6,1,65,0
2020-03-21 15:00,(통영)윤이상거리,18,6,1,65,0
2020-03-21 15:00,(거제)외도해상농원,17,4,1,70,0
2020-03-21 15:00,(밀양)재약산,22,3,1,30,0
2020-03-21 15:00,(밀양)사자평,22,3,1,35,0
2020-03-21 15:00,(밀양)표충사,23,3,1,35,0
2020-03-21 15:00,(밀양)가지산,20,3,1,25,0
2020-03-21 15:00,(양산)통도사,23,3,1,40,0
2020-03-21 15:00,(합천)가야산,19,2,1,30,0
2020-03-21 15:00,(창녕)부곡온천,23,2,1,35,0
2020-03-21 15:00,(창녕)화왕산,22,2,1,30,0
2020-03-21 15:00,(하동)칠불사,23,2,3,45,20
2020-03-21 15:00,(하동)쌍계사,24,2,3,50,20
2020-03-21 15:00,(하동)불일폭포,23,2,3,45,20
2020-03-21 15:00,(하동)삼성궁,23,2,3,45,20
2020-03-21 15:00,(산청)대원사계곡,20,2,1,45,0
2020-03-21 15:00,(남해)암수바위와 가천마을 다랑이논,19,6,1,50,0
2020-03-21 15:00,(남해)단항왕후박나무,18,5,1,60,0
2020-03-21 15:00,(남해)물건방조어부림과 물미해안,18,6,1,60,0
2020-03-21 15:00,(남해)금산,16,6,1,55,0
2020-03-21 15:00,(남해)원시어업죽방렴,19,5,1,55,0
2020-03-21 15:00,(남해)노도,20,6,1,50,0
2020-03-21 15:00,(남해)상주해수욕장,18,6,1,55,0
2020-03-21 15:00,(거제)실안낙조,17,6,1,60,0
2020-03-21 15:00,(사천)삼천포항,17,6,1,60,0
2020-03-21 15:00,(통영)마리나리조트,18,6,1,65,0
2020-03-21 15:00,(통영)여객선터미널,18,6,1,65,0
2020-03-21 15:00,(창원)용원,19,6,1,55,0
2020-03-21 15:00,(거제)학동몽돌,17,6,1,70,0
2020-03-21 15:00,(통영)재래식 시장,18,6,1,65,0
2020-03-21 15:00,(고성)공룡박물관,18,5,1,60,0
2020-03-21 15:00,(고성)상족암 군립공원,17,5,1,65,0
2020-03-21 15:00,(남해)보리암,16,6,1,55,0
2020-03-21 15:00,(통영)제승당,17,6,1,65,0
2020-03-21 15:00,(통영)청마생가,18,6,1,65,0
2020-03-21 15:00,(거제)대금산 ,19,6,1,65,0
2020-03-21 15:00,(통영)산양일주도로,18,6,1,65,0
2020-03-21 15:00,(통영)달아공원 ,17,6,1,70,0
2020-03-21 15:00,(거제)지심도,17,4,1,70,0
2020-03-21 15:00,(남해)한려수도,21,4,1,45,0
2020-03-21 15:00,(사천)선진리성,22,3,1,55,0
2020-03-21 15:00,(창원)진해군항제,21,2,1,45,0
2020-03-21 15:00,(하동)백련리도요지,20,3,1,50,0
2020-03-21 15:00,(창원)웅천도요지,19,6,1,55,0
2020-03-21 15:00,(진주)진주성,22,3,1,45,0
2020-03-21 15:00,(하동)쌍계사/차나무시배지,24,2,3,50,20
2020-03-21 15:00,(거제)여차몽돌,17,6,1,70,0
2020-03-21 15:00,(통영)남망산공원,18,6,1,65,0
2020-03-21 15:00,(거제)구조라,16,6,1,65,0
2020-03-21 15:00,(통영)등대섬,16,7,1,70,0
2020-03-21 15:00,(산청)성철대종사생가(터) ,23,2,1,40,0
2020-03-21 15:00,(산청)중산리계곡,16,2,3,45,20
2020-03-21 15:00,(산청)지리산 빨치산 토벌전시관,21,2,3,45,20
2020-03-21 15:00,(산청)양수발전소,21,2,3,45,20
2020-03-21 15:00,(김해)은하사,21,5,1,50,0
2020-03-21 15:00,(양산)통도환타지아,23,3,1,30,0
2020-03-21 15:00,(밀양)얼음골,22,3,1,30,0
2020-03-21 15:00,(밀양)표충사 ,23,3,1,35,0
2020-03-21 15:00,(밀양)영남루,23,2,1,30,0
2020-03-21 15:00,(울산)영축산,22,3,1,35,0
2020-03-21 15:00,(밀양)천황산,22,3,1,30,0
2020-03-21 15:00,(하동)백사청송송림공원,23,3,1,45,0
2020-03-21 15:00,(하동)화개장터,25,2,3,50,20
2020-03-21 15:00,(하동)쌍계사 ,24,2,3,50,20
2020-03-21 15:00,(산청)성철대종사생가(터),23,2,1,40,0
2020-03-21 15:00,(산청)지리산천왕봉,16,2,3,45,20
2020-03-21 15:00,(창원)산호공원,20,3,1,45,0
2020-03-21 15:00,(창원)돝섬해상유원지,19,3,1,45,0
2020-03-21 15:00,(함안)칠서정수장 ,24,2,1,35,0
2020-03-21 15:00,(창원)자유무역지역,20,3,1,45,0
2020-03-21 15:00,(창원)마산시립박물관/문신미술관,20,3,1,45,0
2020-03-21 15:00,(창원)마산음악관,20,3,1,45,0
2020-03-21 15:00,(창원)어시장,20,3,1,45,0
2020-03-21 15:00,(창원)환경시설사업소,19,4,1,50,0
2020-03-21 15:00,(창원)국립 3.15묘지,21,3,1,40,0
2020-03-21 15:00,(창원)주남저수지,22,3,1,45,0
2020-03-21 15:00,(창원)경륜장,21,2,1,45,0
2020-03-21 15:00,(창녕)부곡온천 ,23,2,1,35,0
2020-03-21 15:00,(함양)용유담,22,2,3,45,20
2020-03-21 15:00,(함양)지리산,20,2,3,45,20
2020-03-21 15:00,(함양)한신계곡,22,2,3,45,20
2020-03-21 15:00,(함양)함양향교,21,2,3,45,20
2020-03-21 15:00,(함양)칠선계곡,22,2,3,45,20
2020-03-21 15:00,(통영)미륵산,18,6,1,65,0
2020-03-21 15:00,(통영)가오치선착장,18,6,1,65,0
2020-03-21 15:00,(통영)사량도 옥녀봉,18,6,1,65,0
2020-03-21 15:00,(통영)망일봉,18,6,1,65,0
2020-03-21 15:00,(통영)통영운하,18,6,1,65,0
2020-03-21 15:00,(진주)우곡정,23,3,1,40,0
2020-03-21 15:00,(진주)경상남도 수목원,22,3,1,45,0
2020-03-21 15:00,(진주)경상남도 문화예술회관,22,3,1,45,0
2020-03-21 15:00,(진주)월아산,21,3,1,45,0
2020-03-21 15:00,(진주)진양호/일주도로,22,3,1,45,0
2020-03-21 15:00,(거제)계룡산,19,6,1,60,0
2020-03-21 15:00,(거제)구조라 ,17,5,1,70,0
2020-03-21 15:00,(거제)거제자연예술랜드,18,6,1,65,0
2020-03-21 15:00,(통영)거제대교,18,6,1,65,0
2020-03-21 15:00,(거제)송진포,19,6,1,65,0
2020-03-21 15:00,(거제)거제어촌민속전시관,16,6,1,65,0
2020-03-21 15:00,(거제)자연휴양림,17,6,1,70,0
2020-03-21 15:00,(거제)포로수용소 유적공원,19,6,1,60,0
2020-03-21 15:00,(하동)경충사,20,4,1,50,0
2020-03-21 15:00,(하동)삼신녹차마을,24,2,3,50,20
2020-03-21 15:00,(하동)옥종딸기마을,24,3,1,45,0
2020-03-21 15:00,(하동)청학동계곡,23,2,3,45,20
2020-03-21 15:00,(하동)사기아름마을,20,3,1,50,0
2020-03-21 15:00,(하동)대도마을,22,4,1,45,0
2020-03-21 15:00,(하동)대축마을,23,2,1,50,0
2020-03-21 15:00,(함양)정여창고택 ,21,2,3,45,20
2020-03-21 15:00,(함양)허삼둘가옥,23,2,3,40,20
2020-03-21 15:00,(함양)청계서원,23,2,1,45,0
2020-03-21 15:00,(함양)남계서원,23,2,1,45,0
2020-03-21 15:00,(함양)옥계신도비,21,2,3,45,20
2020-03-21 15:00,(김해)대성동 고분군,20,5,1,50,0
2020-03-21 15:00,(김해)칠산참외마을,19,5,1,55,0
2020-03-21 15:00,(김해)가동마을,20,3,1,45,0
2020-03-21 15:00,(김해)진례 도예체험,20,3,1,45,0
2020-03-21 15:00,(김해)무척산,21,3,1,55,0
2020-03-21 15:00,(김해)대동 화훼단지,20,6,1,55,0
2020-03-21 15:00,(김해)봉황동 유적,20,5,1,50,0
2020-03-21 15:00,(창원)해군 사관학교박물관,19,4,1,50,0
2020-03-21 15:00,(창원)장복산공원,19,4,1,50,0
2020-03-21 15:00,(창원)내수면양식연구소,19,4,1,50,0
2020-03-21 15:00,(창원)북원로타리(이충무공동상),19,4,1,50,0
2020-03-21 15:00,(창원)중원로타리,19,4,1,50,0
2020-03-21 15:00,(창원)수치해안,18,6,1,50,0
2020-03-21 15:00,(창원)에너지환경과학공원,19,4,1,45,0
2020-03-21 15:00,(창원)제황산공원,19,4,1,45,0
2020-03-21 15:00,(양산)도자기공원,24,4,1,40,0
2020-03-21 15:00,(양산)노전암,25,4,1,45,0
2020-03-21 15:00,(양산)내원사,25,4,1,45,0
2020-03-21 15:00,(양산)내원사계곡,25,4,1,45,0
2020-03-21 15:00,(창원)조두남기념관,20,3,1,45,0
2020-03-21 15:00,(창녕)박진전쟁 기념관,24,2,1,35,0
2020-03-21 15:00,(창녕)망우정,24,2,1,35,0
2020-03-21 15:00,(창녕)영산호국공원,24,2,1,35,0
2020-03-21 15:00,(창원)서원곡유원지,20,3,1,45,0
2020-03-21 15:00,(창원)관해정,20,3,1,45,0
2020-03-21 15:00,(창원)몽고정,20,3,1,45,0
2020-03-21 15:00,(창녕)만옥정 공원,25,2,1,35,0
2020-03-21 15:00,(마산)합포성지,21,3,1,40,0
2020-03-21 15:00,(창원)3·15기념탑,20,3,1,45,0
2020-03-21 15:00,(양산)소석마을 팜스테이,23,4,1,35,0
2020-03-21 15:00,(양산)해운자연농원,24,4,1,40,0
2020-03-21 15:00,(통영)망산,16,6,1,65,0
2020-03-21 15:00,(통영)지리산 ,18,6,1,65,0
2020-03-21 15:00,(통영)사량도,18,6,1,65,0
2020-03-21 15:00,(통영)최영장군사당,17,6,1,65,0
2020-03-21 15:00,(통영)대항해수욕장,17,6,1,65,0
2020-03-21 15:00,(거창)거창사건추모공원,22,2,1,40,0
2020-03-21 15:00,(거창)가조온천,22,2,1,40,0
2020-03-21 15:00,(양산)원동화제 ,22,5,1,50,0
2020-03-21 15:00,(양산)원동자연휴양림,21,3,1,55,0
2020-03-21 15:00,(양산)오봉산 임경대,22,5,1,50,0
2020-03-21 15:00,(양산)늘밭마을,23,3,1,45,0
2020-03-21 15:00,(양산)자연식의집,23,3,1,45,0
2020-03-21 15:00,(양산)불암폭포,23,3,1,45,0
2020-03-21 15:00,(양산)신불산공원,23,3,1,45,0
2020-03-21 15:00,(양산)신흥사,21,3,1,45,0
2020-03-21 15:00,(양산)어곡공단,21,6,1,50,0
2020-03-21 15:00,(거창)병곡리 빙기실계곡,13,2,3,45,20
2020-03-21 15:00,(거창)점터산장,13,2,3,45,20
2020-03-21 15:00,(거창)월성계곡,18,2,3,40,20
2020-03-21 15:00,(거창)월성 주은자연휴양림,18,2,3,40,20
2020-03-21 15:00,(거창)마학동 계곡,18,2,3,40,20
2020-03-21 15:00,(통영)지리산,18,6,1,65,0
2020-03-21 15:00,(진주)새벼리,22,3,1,45,0
2020-03-21 15:00,(진주)남가람문화거리,22,3,1,45,0
2020-03-21 15:00,(진주)인사동골동품거리,22,3,1,45,0
2020-03-21 15:00,(진주)망진산 봉수대,22,3,1,45,0
2020-03-21 15:00,(진주)물문화관,22,3,1,45,0
2020-03-21 15:00,(양산)배내골송림관광농원,22,3,1,35,0
2020-03-21 15:00,(양산)배내골,23,3,1,40,0
2020-03-21 15:00,(양산)원동역,21,3,1,55,0
2020-03-21 15:00,(양산)용화사,22,5,1,50,0
2020-03-21 15:00,(창녕)관룡사,22,2,1,30,0
2020-03-21 15:00,(의령)우포늪,25,2,1,35,0
2020-03-21 15:00,(산청)전통한방휴양관광지,23,2,1,40,0
2020-03-21 15:00,(산청)전구형왕릉,23,2,1,40,0
2020-03-21 15:00,(산청)황매산 ,21,2,1,40,0
2020-03-21 15:00,(산청)대원사,20,2,1,45,0
2020-03-21 15:00,(산청)경호강,23,2,1,35,0
2020-03-21 15:00,(산청)정취암,21,2,1,40,0
2020-03-21 15:00,(고성)당항포 관광지,20,4,1,55,0
2020-03-21 15:00,(남해)충렬사,21,4,1,45,0
2020-03-21 15:00,(통영)제승당 ,16,6,1,65,0
2020-03-21 15:00,(통영)세병관,18,6,1,65,0
2020-03-21 15:00,(함양)상림 ,21,2,3,45,20
2020-03-21 15:00,(합천)해인사 ,19,2,1,30,0
2020-03-21 15:00,(고성)상족암 군립공원 ,17,5,1,65,0
2020-03-21 15:00,(창원)두산중공업,19,3,1,45,0
2020-03-21 15:00,(하동)악양루,23,2,1,50,0
2020-03-21 15:00,(하동)화개온천리조트,24,2,3,50,20
2020-03-21 15:00,(합천)남명조식선생생가지,23,3,1,40,0
2020-03-21 15:00,(양산)통도사 성보박물관,23,3,1,40,0
2020-03-21 15:00,(창녕)교동고분군,25,2,1,35,0
2020-03-21 15:00,(거제)삼성중공업 거제조선소 ,19,6,1,60,0
2020-03-21 15:00,(함양)연암물레방아공원,20,2,3,40,20
2020-03-21 15:00,(함양)심원정,20,2,3,40,20
2020-03-21 15:00,(함양)논개묘,20,2,3,45,20
2020-03-21 15:00,(함양)거연정,21,2,3,45,20
2020-03-21 15:00,(함양)군자정,21,2,3,45,20
2020-03-21 15:00,(함양)동호정,21,2,3,45,20
2020-03-21 15:00,(함양)황암사,21,2,3,45,20
2020-03-21 15:00,(함양)농월정,23,2,3,40,20
2020-03-21 15:00,(함양)용추사/용추폭포 ,20,2,3,45,20
2020-03-21 15:00,(함양)용추 자연휴양림,20,2,3,45,20
2020-03-21 15:00,(함안)함안층 새발자국화석,23,3,1,40,0
2020-03-21 15:00,(함안)방어산마애불,23,3,1,40,0
2020-03-21 15:00,(함안)평기마을,24,3,1,40,0
2020-03-21 15:00,(함안)악양루,24,3,1,40,0
2020-03-21 15:00,(함안)칠북면회화나무,23,3,1,35,0
2020-03-21 15:00,(함안)법수면늪지,24,3,1,40,0
2020-03-21 15:00,(함안)월촌,24,3,1,40,0
2020-03-21 15:00,(함안)와룡정 ,24,3,1,40,0
2020-03-21 15:00,(함안)대산리석불,23,3,1,40,0
2020-03-21 15:00,(함안)함안박물관,23,3,1,40,0
2020-03-21 15:00,(함안)무진정,23,3,1,40,0
2020-03-21 15:00,(함안)입곡군립공원,22,3,1,40,0
2020-03-21 15:00,(함안)고려동유적지,22,3,1,40,0
2020-03-21 15:00,(하동)화개장터 ,25,2,3,50,20
2020-03-21 15:00,(하동)하동향교,23,3,1,45,0
2020-03-21 15:00,(거창)건계정,23,2,1,45,0
2020-03-21 15:00,(거창)서변,22,2,1,40,0
2020-03-21 15:00,(거창)상림리석조관음입상,23,2,1,45,0
2020-03-21 15:00,(거창)양평리석조여래입상,23,2,1,40,0
2020-03-21 15:00,(거창)거열산성 ,23,2,1,45,0
2020-03-21 15:00,(합천)오도산자연휴양림,21,2,1,35,0
2020-03-21 15:00,(합천)태극기휘날리며촬영세트장,25,2,1,40,0
2020-03-21 15:00,(의령)의령남산,23,3,1,40,0
2020-03-21 15:00,(의령)신라통증의 우흔,23,3,1,40,0
2020-03-21 15:00,(의령)가례면,23,3,1,40,0
2020-03-21 15:00,(의령)보천사지 3층석탑,23,3,1,40,0
2020-03-21 15:00,(의령)곽망우당 유물,23,3,1,40,0
2020-03-21 15:00,(의령)유곡면의 은행나무,24,2,1,35,0
2020-03-21 15:00,(의령)찰비계곡,24,2,1,35,0
2020-03-21 15:00,(의령)예술촌,23,2,1,35,0
2020-03-21 15:00,(의령)봉황대,23,2,1,35,0
2020-03-21 15:00,(의령)현고수,24,2,1,35,0
2020-03-21 15:00,(거제)도장포,18,6,1,70,0
2020-03-21 15:00,(거제)구천리(휴양림),17,6,1,70,0
2020-03-21 15:00,(거제)다포,17,6,1,70,0
2020-03-21 15:00,(거제)거제민속자료관,19,6,1,65,0
2020-03-21 15:00,(거제)사등성지,18,6,1,60,0
2020-03-21 15:00,(남해)송정숲,18,6,1,60,0
2020-03-21 15:00,(남해)문항어촌체험마을,22,5,1,45,0
2020-03-21 15:00,(남해)망운산,23,5,1,45,0
2020-03-21 15:00,(남해)두모,20,6,1,50,0
2020-03-21 15:00,(남해)내산편백 자연휴양림,16,6,1,55,0
2020-03-21 15:00,(남해)지족갯마을,20,6,1,55,0
2020-03-21 15:00,(남해)용문사,23,5,1,45,0
2020-03-21 15:00,(남해)냉천,18,5,1,60,0
2020-03-21 15:00,(남해)해바리,21,5,1,50,0
2020-03-21 15:00,(남해)왕지등대마을,21,4,1,45,0
2020-03-21 15:00,(김해)가야랜드,19,6,1,55,0
2020-03-21 15:00,(창원)웅천읍성,18,6,1,50,0
2020-03-21 15:00,(창원)구산성지,17,5,1,50,0
2020-03-21 15:00,(창원)성흥사대웅전,17,5,1,50,0
2020-03-21 15:00,(창원)진해우체국,19,4,1,50,0
2020-03-21 15:00,(창원)웅천왜성 ,18,6,1,50,0
2020-03-21 15:00,(창원)망산도유주암,19,6,1,55,0
2020-03-21 15:00,(창원)안골포굴강,19,6,1,55,0
2020-03-21 15:00,(창원)안골왜성,19,6,1,55,0
2020-03-21 15:00,(밀양)미리벌민속박물관,23,2,1,35,0
2020-03-21 15:00,(김해)장척계곡,21,5,1,50,0
2020-03-21 15:00,(김해)장유대청계곡,19,5,1,55,0
2020-03-21 15:00,(통영)천황산 ,16,6,1,75,0
2020-03-21 15:00,(통영)욕지도,16,6,1,75,0
2020-03-21 15:00,(통영)연화사,16,6,1,70,0
2020-03-21 15:00,(통영)연화도,16,6,1,70,0
2020-03-21 15:00,(창원)진해해양공원,18,6,1,50,0
2020-03-21 15:00,(밀양)사명대사 생가지 ,22,2,1,30,0
2020-03-21 15:00,(밀양)영산정사/성보박물관 ,22,2,1,30,0
2020-03-21 15:00,(밀양)표충비각,23,2,1,35,0
2020-03-21 15:00,(창녕)석빙고,25,2,1,35,0
2020-03-21 15:00,(창녕)창녕향교,25,2,1,35,0
2020-03-21 15:00,(밀양)대법사,22,2,1,30,0
2020-03-21 15:00,(창원)저도연륙교,19,4,1,50,0
2020-03-21 15:00,(창원)구복예술촌,19,4,1,50,0
2020-03-21 15:00,(창원)원전마을,19,4,1,50,0
2020-03-21 15:00,(창원)백령신단,19,4,1,50,0
2020-03-21 15:00,(창원)고현리공룡발자국화석,20,4,1,50,0
2020-03-21 15:00,(창원)가고파랜드(돝섬해상유원지),19,3,1,45,0
2020-03-21 15:00,(창원)진해현관아 및 객사유지 ,20,4,1,50,0
2020-03-21 15:00,(양산)도자기공원 ,24,4,1,40,0
2020-03-21 15:00,(진주)천수교,22,3,1,45,0
2020-03-21 15:00,(함양)상림,21,2,3,45,20
2020-03-21 15:00,(하동)청학동,23,2,3,45,20
2020-03-21 15:00,(창녕)향기섬,20,4,1,50,0
2020-03-21 15:00,(사천)비토앞,20,4,1,50,0
2020-03-21 15:00,(사천)아두섬,19,5,1,60,0
2020-03-21 15:00,(사천)씨앗섬,19,5,1,60,0
2020-03-21 15:00,(사천)코섬,19,5,1,60,0
2020-03-21 15:00,(거제)망산,17,6,1,70,0
2020-03-21 15:00,(남해)저도앞 죽방렴 ,19,5,1,55,0
2020-03-21 15:00,(창녕)단항대교,21,5,1,50,0
2020-03-21 15:00,(사천)여객터미널,17,6,1,60,0
2020-03-21 15:00,(사천)대방진굴항,17,6,1,60,0
2020-03-21 15:00,(사천)초양대교,17,6,1,60,0
2020-03-21 15:00,(사천)늑도대교,17,6,1,60,0
2020-03-21 15:00,(남해)남해대교 유원지,21,4,1,45,0
2020-03-21 15:00,(평택)평택호관광지,19,3,4,55,30
2020-03-21 15:00,(평택)웃다리문화촌,20,3,4,50,30
2020-03-21 15:00,(평택)평택국제중앙시장,20,3,4,45,30
2020-03-21 15:00,(태안)태안해안국립공원,15,3,3,75,20
2020-03-21 15:00,(태안)신두리해수욕장,15,3,4,70,30
2020-03-21 15:00,(태안)두웅습지,15,3,4,70,30
2020-03-21 15:00,(태안)신두리 해안사구,15,3,4,70,30
2020-03-21 15:00,(안산)유리섬박물관,18,3,3,55,20
2020-03-21 15:00,(안산)경기도미술관,18,3,3,55,20
2020-03-21 15:00,(안산)안산갈대습지공원,19,3,3,55,20
2020-03-21 15:00,(안산)성호기념관,19,3,3,55,20
2020-03-21 15:00,(안산)코르디움,19,3,3,55,20
2020-03-21 15:00,(안산)종현어촌체험마을,18,3,3,55,20
2020-03-21 15:00,(안산)어촌민속박물관,18,3,3,55,20
2020-03-21 15:00,(안산)누에섬 등대전망대,18,3,3,55,20
2020-03-21 15:00,(가평)에델바이스 스위스테마파크,20,3,3,45,20
2020-03-21 15:00,(가평)청평자연휴양림,19,3,3,45,20
2020-03-21 15:00,(가평)쁘띠프랑스,19,3,3,45,20
2020-03-21 15:00,(가평)이화원,18,3,3,45,20
2020-03-21 15:00,(춘천)제이드가든 수목원,18,3,3,40,20
2020-03-21 15:00,(원주)치악산국립공원,18,3,3,50,20
2020-03-21 15:00,(원주)치악산 구룡자동차야영장,18,3,3,50,20
2020-03-21 15:00,(원주)원주 드림랜드,18,3,3,50,20
2020-03-21 15:00,(원주)간현관광지,20,3,3,40,20
2020-03-21 15:00,(원주)원주레일파크,20,3,3,40,20
2020-03-21 15:00,(충주)목계솔밭,20,4,4,45,30
2020-03-21 15:00,(충주)중앙탑공원,20,4,4,45,30
2020-03-21 15:00,(충주)조정체험학교,20,4,4,45,30
2020-03-21 15:00,(충주)봉황자연휴양림,20,4,4,45,30
2020-03-21 15:00,(충주)봉황경(능암리섬),20,4,4,45,30
2020-03-21 15:00,(경주)경주 양동마을,24,4,1,35,0
2020-03-21 15:00,(경주)신라문화체험장,25,4,1,25,0
2020-03-21 15:00,(경주)경주 버드파크,24,3,1,30,0
2020-03-21 15:00,(경주)한국역사문화음식학교,24,3,1,30,0
2020-03-21 15:00,(경주)신라밀레니엄파크,24,3,1,30,0
2020-03-21 15:00,(여수)돌산공원,18,5,1,55,0
2020-03-21 15:00,(여수)돌산도,18,5,1,55,0
2020-03-21 15:00,(여수)해양수산과학관,18,5,1,55,0
2020-03-21 15:00,(여수)향일암,18,5,1,55,0
2020-03-21 15:00,(순천)순천 낙안읍성,21,3,1,45,0
2020-03-21 15:00,(순천)낙안민속자연휴양림,21,3,1,45,0
2020-03-21 15:00,(순천)순천만 용산전망대(S자 물길),22,3,1,50,0
2020-03-21 15:00,(순천)순천만 정원,22,3,1,50,0
2020-03-21 15:00,(이천)돼지보러오면돼지(돼지박물관),19,3,4,40,30
2020-03-21 15:00,(이천)이천시립월전미술관,19,3,4,45,30
2020-03-21 15:00,(이천)이천 세라피아,19,3,4,45,30
2020-03-21 15:00,(이천)해강도자미술관,18,3,4,40,30
2020-03-21 15:00,(용인)용인축협자연체험스쿨 한우랜드,19,3,4,45,30
2020-03-21 15:00,(용인)한택식물원,19,3,4,45,30
2020-03-21 15:00,(용인)농촌테마파크,19,3,4,40,30
2020-03-21 15:00,(용인)용인자연휴양림 에코어드벤처,19,3,3,40,20
2020-03-21 15:00,(여주)신륵사 ,18,3,4,50,30
2020-03-21 15:00,(여주)여주박물관,18,3,4,50,30
2020-03-21 15:00,(여주)명성황후 생가,18,3,4,50,30
2020-03-21 15:00,(여주)여주 고달사지,17,3,3,50,20
2020-03-21 15:00,(여주)영릉(英陵)과 영릉(寧陵),19,3,4,45,30
2020-03-21 15:00,(가평)연인산다목적캠핑장,19,3,3,40,20
2020-03-21 15:00,(가평) 연인산마을,19,3,3,40,20
2020-03-21 15:00,(가평)명지계곡,19,3,3,40,20
2020-03-21 15:00,(가평)남송미술관,19,3,3,40,20
2020-03-21 15:00,(고성)송지호 오토캠핑장,16,5,3,20,20
2020-03-21 15:00,(고성)왕곡마을,16,5,3,20,20
2020-03-21 15:00,(고성)공현진1리해변,16,5,3,20,20
2020-03-21 15:00,(고성)송지호,16,5,3,20,20
2020-03-21 15:00,(고성)오호어촌체험마을,16,5,3,20,20
2020-03-21 15:00,(서울)월드컵공원 노을캠핑장,18,3,3,45,20
2020-03-21 15:00,(서울)한강시민공원 난지지구(난지한강공원),18,3,3,45,20
2020-03-21 15:00,(서울)양화교 인공폭포,18,3,3,45,20
2020-03-21 15:00,(서울)한강방어백골부대전적비,18,3,3,45,20
2020-03-21 15:00,(의정부)서울YMCA 다락원캠핑장,18,3,3,50,20
2020-03-21 15:00,(의정부)원효사,18,3,3,50,20
2020-03-21 15:00,(서울)도봉서원,19,3,3,45,20
2020-03-21 15:00,(서울)서울창포원,19,3,3,45,20
2020-03-21 15:00,(의정부)원도봉유원지,18,3,3,50,20
2020-03-21 15:00,(거제)학동자동차야영장,18,6,1,65,0
2020-03-21 15:00,(거제)거제자연휴양림,18,6,1,65,0
2020-03-21 15:00,(거제)거제 학동리 동백나무 숲 및 팔색조번식지,18,6,1,65,0
2020-03-21 15:00,(거제)학동흑진주몽돌해변,18,6,1,65,0
2020-03-21 15:00,(거제)학동마을,18,6,1,65,0
2020-03-21 15:00,(세종)합강공원 오토캠핑장,21,3,4,40,30
2020-03-21 15:00,(세종)황룡사,21,3,4,40,30
2020-03-21 15:00,(세종)합호서원,21,3,4,40,30
2020-03-21 15:00,(영덕)영덕군해맞이캠핑장,20,4,1,45,0
2020-03-21 15:00,(영덕)창포마을,20,4,1,45,0
2020-03-21 15:00,(영덕)영덕해맞이공원,20,4,1,45,0
2020-03-21 15:00,(공주)잼핑홀리데이 잼핑카라반,21,3,4,45,30
2020-03-21 15:00,(공주)한국문화연수원,21,3,4,45,30
2020-03-21 15:00,(공주)마곡사,21,3,4,45,30
2020-03-21 15:00,(용인)한국미술관,18,3,4,50,30
2020-03-21 15:00,(용인)양지파인리조트,18,3,4,40,30
2020-03-21 15:00,(용인)삼성화재교통박물관,19,3,4,45,30
2020-03-21 15:00,(용인)캐리비안베이,19,3,4,45,30
2020-03-21 15:00,(용인)에버랜드,19,3,4,45,30
2020-03-21 15:00,(장성)황룡전적지,21,2,1,45,0
2020-03-21 15:00,(장성)백양사 가인야영장,20,2,1,50,0
2020-03-21 15:00,(가평)취옹예술관,18,3,3,40,20
2020-03-21 15:00,(가평)유명산자연휴양림 야영장,20,3,3,45,20
2020-03-21 15:00,(가평)코스모피아 천문대,18,3,3,40,20
2020-03-21 15:00,(평창)이효석 문학관,16,3,3,55,20
2020-03-21 15:00,(횡성)청태산자연휴양림,14,3,3,55,20
2020-03-21 15:00,(통영)한려수도 조망케이블카,18,6,1,65,0
2020-03-21 15:00,(거제)구조라해수욕장,17,6,1,70,0
2020-03-21 15:00,(거제)신선대 전망대,17,6,1,70,0
2020-03-21 15:00,(통영)통영수산과학관,18,6,1,65,0
2020-03-21 15:00,(거제)거제포로수용소 유적공원,19,6,1,60,0
2020-03-21 15:00,(춘천)김유정 문학촌,18,3,3,40,20
2020-03-21 15:00,(단양)사인암,21,4,3,35,20
2020-03-21 15:00,(단양)방곡도깨비마을,21,4,3,35,20
2020-03-21 15:00,(제천)청풍호 유람선,20,5,3,45,20
2020-03-21 15:00,(단양)도담삼봉,19,5,3,45,20
2020-03-21 15:00,(단양)온달관광지,19,3,3,40,20
2020-03-21 15:00,(군위)군위 삼존석굴,21,2,1,35,0
2020-03-21 15:00,(군위)부계 한밤마을 돌담길,21,2,1,35,0
2020-03-21 15:00,(군위)법주사,23,3,1,35,0
2020-03-21 15:00,(군위)아미산,23,3,1,35,0
2020-03-21 15:00,(해남)고산 윤선도 유적지,19,3,1,50,0
2020-03-21 15:00,(해남)땅끝관광지,17,3,1,65,0
2020-03-21 15:00,(해남)간척지 담수호 주변 철새도래지,18,3,1,60,0
2020-03-21 15:00,(해남)대흥사,19,3,1,55,0
2020-03-21 15:00,(해남)우항리 공룡화석자연사유적지,18,4,1,55,0
2020-03-21 15:00,(충주)밤별캠핑장,19,3,4,45,30
2020-03-21 15:00,(충주)일중요 (밤골도예),19,3,4,45,30
2020-03-21 15:00,(충주)앙성탄산온천,19,3,4,45,30
2020-03-21 15:00,(동해)묵호등대,15,5,3,20,20
2020-03-21 15:00,(동해)묵호항,15,5,3,20,20
2020-03-21 15:00,(동해)논골담길,15,5,3,20,20
2020-03-21 15:00,(동해)추암해변,15,5,3,20,20
2020-03-21 15:00,(동해)무릉계곡,15,5,3,20,20
2020-03-21 15:00,(동해)망상해변,15,5,3,20,20
2020-03-21 15:00,(동해)천곡동굴,15,5,3,20,20
2020-03-21 15:00,(가평)가평현암농경유물박물관,19,3,3,40,20
2020-03-21 15:00,(가평)명지산생태전시관,19,3,3,40,20
2020-03-21 15:00,(가평)강씨봉자연휴양림,19,3,3,40,20
2020-03-21 15:00,(가평)이화원 나비스토리,18,3,3,45,20
2020-03-21 15:00,(가평)무주채폭포,19,3,3,40,20
2020-03-21 15:00,(양산)남부시장,21,6,1,50,0
2020-03-21 15:00,(양산)양산타워,21,6,1,50,0
2020-03-21 15:00,(양산)대운산자연휴양림,21,4,1,45,0
2020-03-21 15:00,(양산)법기수원지,22,5,1,45,0
2020-03-21 15:00,(양산)홍룡폭포,23,4,1,35,0
2020-03-21 15:00,(포항)포항해양스포츠아카데미,22,4,1,40,0
2020-03-21 15:00,(포항)칠포해수욕장,22,5,1,40,0
2020-03-21 15:00,(포항)내연산계곡,21,4,1,40,0
2020-03-21 15:00,(포항)비학산자연휴양림,23,4,1,35,0
2020-03-21 15:00,(포항)덕동문화마을,23,4,1,35,0
2020-03-21 15:00,(포항)영일대 전망대,22,5,1,40,0
2020-03-21 15:00,(구례)반달가슴곰생태학습장,22,2,3,45,20
2020-03-21 15:00,(구례)수락폭포,19,2,3,55,20
2020-03-21 15:00,(구례)사성암,25,2,1,45,0
2020-03-21 15:00,(구례)운조루,25,2,1,45,0
2020-03-21 15:00,(구례)야생화 압화전시관,23,2,1,50,0
2020-03-21 15:00,(구례)지리산치즈랜드,19,2,3,55,20
2020-03-21 15:00,(구례)섬진강어류생태관,25,2,3,50,20
2020-03-21 15:00,(부안)금구원야외조각미술관,16,3,1,75,0
2020-03-21 15:00,(부안)격포해변,16,3,1,75,0
2020-03-21 15:00,(부안)채석강,16,3,1,75,0
2020-03-21 15:00,(부안)직소폭포,16,3,1,75,0
2020-03-21 15:00,(부안)개암사,19,3,1,60,0
2020-03-21 15:00,(부안)내소사,17,3,1,60,0
2020-03-21 15:00,(금산)금산향토관,21,3,3,45,20
2020-03-21 15:00,(금산)적벽강,22,2,3,40,20
2020-03-21 15:00,(금산)금산산림문화타운,21,2,3,45,20
2020-03-21 15:00,(금산)금강생태과학체험관,22,2,3,40,20
2020-03-21 15:00,(괴산)둔율올갱이마을,20,5,4,35,30
2020-03-21 15:00,(괴산)쌍곡구곡,20,5,4,35,30
2020-03-21 15:00,(괴산)산막이옛길,20,5,4,35,30
2020-03-21 15:00,(괴산)수옥폭포,19,4,4,40,30
2020-03-21 15:00,(괴산)한지체험박물관,19,4,4,40,30
2020-03-21 15:00,(괴산)용추폭포,19,4,4,35,30
2020-03-21 15:00,(괴산)선유구곡,19,4,4,35,30
2020-03-21 15:00,(괴산)화양구곡,19,4,4,35,30
2020-03-21 15:00,(광주)사직공원 전망대,22,2,1,45,0
2020-03-21 15:00,(광주)의재미술관,20,3,1,50,0
2020-03-21 15:00,(광주)증심사,20,3,1,50,0
2020-03-21 15:00,(광주)양림산,22,2,1,45,0
2020-03-21 15:00,(광주)양림동 역사문화마을,22,2,1,45,0
2020-03-21 15:00,(공주)고마나루,20,3,4,40,30
2020-03-21 15:00,(공주)갑사,15,3,4,50,30
2020-03-21 15:00,(공주)신원사,15,3,4,50,30
2020-03-21 15:00,(공주)금학생태공원,18,3,4,45,30
2020-03-21 15:00,(공주)공주정지산유적,20,3,4,40,30
2020-03-21 15:00,(공주)국립공주박물관,20,3,4,40,30
2020-03-21 15:00,(공주)무녕왕릉,20,3,4,40,30
2020-03-21 15:00,(춘천)청평사,18,3,3,35,20
2020-03-21 15:00,(춘천)애니메이션박물관,18,3,3,35,20
2020-03-21 15:00,(춘천)강원도립화목원,18,3,3,35,20
2020-03-21 15:00,(춘천)물레길,17,3,3,35,20
2020-03-21 15:00,(춘천)제이드가든,18,3,3,40,20
2020-03-21 15:00,(춘천)김유정문학촌,18,3,3,40,20
2020-03-21 15:00,(춘천)공지천,18,3,3,35,20
2020-03-21 15:00,(부산)낙동강하구에코센터,18,6,1,60,0
2020-03-21 15:00,(부산)아미산전망대,17,6,1,60,0
2020-03-21 15:00,(부산)일광해수욕장,19,6,1,60,0
2020-03-21 15:00,(부산)암남공원,17,6,1,65,0
2020-03-21 15:00,(부산)해동용궁사,19,6,1,55,0
2020-03-21 15:00,(부산)기장 대변항,19,6,1,55,0
2020-03-21 15:00,(부산)죽성리 드림 오픈세트장,19,6,1,55,0
2020-03-21 15:00,(부산)수산과학관,19,6,1,55,0
2020-03-21 15:00,(서울)인사동,19,3,3,40,20
2020-03-21 15:00,(서울)남산,19,3,3,40,20
2020-03-21 15:00,(서울)창덕궁,19,3,3,40,20
2020-03-21 15:00,(서울)청계광장,19,3,3,40,20
2020-03-21 15:00,(서울)트릭아트미술관,19,3,3,45,20
2020-03-21 15:00,(서울)북촌 한옥마을,19,3,3,40,20
2020-03-21 15:00,(서울)광화문,19,3,3,40,20
2020-03-21 15:00,(서울)서울애니메이션센터,19,3,3,40,20
2020-03-21 15:00,(서울)63스퀘어,19,3,3,45,20
2020-03-21 15:00,(양구)한반도섬,18,3,3,35,20
2020-03-21 15:00,(양구)양구레포츠공원,18,3,3,35,20
2020-03-21 15:00,(양구)이해인시문학과 김형석 안병욱 철학의집,18,3,3,35,20
2020-03-21 15:00,(양구)백자박물관,18,3,3,35,20
2020-03-21 15:00,(양구)양구생태식물원,18,3,3,30,20
2020-03-21 15:00,(양구)두타연,17,3,3,35,20
2020-03-21 15:00,(양구)DMZ야생동물생태관,18,3,3,35,20
2020-03-21 15:00,(청양)천장호 출렁다리,20,3,3,50,20
2020-03-21 15:00,(청양)목재문화체험장,20,3,3,50,20
2020-03-21 15:00,(포항)영행대해수욕장,21,5,1,50,0
2020-03-21 15:00,(포항)내연산 12폭포,21,4,1,40,0
2020-03-21 15:00,(포항)기청산 식물원,21,5,1,40,0
2020-03-21 15:00,(포항)포항운하,22,4,1,40,0
2020-03-21 15:00,(포항)경상북도 수목원,21,3,1,35,0
2020-03-21 15:00,(포항)성주 경산리 성밖숲,24,2,1,30,0
2020-03-21 15:00,(포항)성주오일장,24,2,1,30,0
2020-03-21 15:00,(포항)사우당종택,24,2,1,30,0
2020-03-21 15:00,(포항)심원사,24,2,1,30,0
2020-03-21 15:00,(포항)가야산야생화식물원,24,2,1,30,0
2020-03-21 15:00,(충주)반딧불 캠핑장,19,4,4,45,30
2020-03-21 15:00,(충주)충주댐,20,5,4,45,30
2020-03-21 15:00,(충주)중앙탑 사적공원,20,4,4,45,30
2020-03-21 15:00,(충주)수안보온천,19,5,4,40,30
2020-03-21 15:00,(충주)탄금대,19,5,4,40,30
2020-03-21 15:00,(거제)바람의 언덕,17,6,1,70,0
2020-03-21 15:00,(거제)신선대,17,6,1,70,0
2020-03-21 15:00,(거제)외도,17,6,1,70,0
2020-03-21 15:00,(거제)학동자동차야영장 ,18,6,1,65,0
2020-03-21 15:00,(평창)아트인아일랜드캠핑장,16,3,3,55,20
2020-03-21 15:00,(평창)무이 예술관,16,3,3,55,20
2020-03-21 15:00,(평창)허브나라,16,3,3,55,20
2020-03-21 15:00,(강릉)대관령 자연휴양림 ,18,5,3,20,20
2020-03-21 15:00,(강릉)참소리박물관,17,5,3,20,20
2020-03-21 15:00,(강릉)오죽헌,17,5,3,20,20
2020-03-21 15:00,(강릉)대관령 양떼목장,14,4,3,20,20
2020-03-21 15:00,(삼척)검봉산 자연휴양림,18,4,3,20,20
2020-03-21 15:00,(삼척)해양 레일바이크,17,5,3,20,20
2020-03-21 15:00,(삼척)장호항,17,5,3,20,20
2020-03-21 15:00,(삼척)덕풍계곡,17,4,3,20,20
2020-03-21 15:00,(영주)소수서원,21,3,3,25,20
2020-03-21 15:00,(영주)선비촌,21,3,3,25,20
2020-03-21 15:00,(영주)소백산 국립공원 삼가 야영장,20,3,3,30,20
2020-03-21 15:00,(부산)용두산공원,18,6,1,60,0
2020-03-21 15:00,(부산)국제시장,18,6,1,60,0
2020-03-21 15:00,(부산)달맞이고개,18,7,1,55,0
2020-03-21 15:00,(부산)자갈치마켓,18,6,1,60,0
2020-03-21 15:00,(부산)BIFF 거리 극장,18,6,1,60,0
2020-03-21 15:00,(부산)해운대 해수욕장,18,6,1,60,0
2020-03-21 15:00,(부산)태종대유원지,15,7,1,70,0
2020-03-21 15:00,(부산)오륙도,16,7,1,70,0
2020-03-21 15:00,(부산)광안대교,18,6,1,60,0
2020-03-21 15:00,(부산)부산아쿠아리움,18,6,1,60,0
2020-03-21 15:00,(부산)동백섬,18,6,1,60,0
2020-03-21 15:00,(부산)송도해수욕장,17,6,1,65,0
2020-03-21 15:00,(부산)다대포 꿈의 낙조분수,18,6,1,60,0
2020-03-21 15:00,(부산)을숙도,18,6,1,60,0
2020-03-21 15:00,(부산)낭만의 언덕 달맞이길,18,7,1,55,0
2020-03-21 15:00,(부산)충렬사,20,6,1,55,0
2020-03-21 15:00,(부산)동래온천,19,6,1,50,0
2020-03-21 15:00,(부산)복천박물관,20,6,1,55,0
2020-03-21 15:00,(부산)태종대 전망대,15,7,1,70,0
2020-03-21 15:00,(부산)금정산 금정8경,20,6,1,50,0
2020-03-21 15:00,(부산)부산박물관 문화체험관,18,6,1,60,0
2020-03-21 15:00,(부산)UN 기념공원,18,6,1,60,0
2020-03-21 15:00,(부산)누리마루 APEC 하우스,18,6,1,60,0
2020-03-21 15:00,(부산)영도문화의거리,15,7,1,70,0
2020-03-21 15:00,(부산)미포,18,6,1,60,0
2020-03-21 15:00,(부산)자갈치마켓시장,18,6,1,60,0
2020-03-21 15:00,(부산)황령산 봉수대,18,6,1,60,0
2020-03-21 15:00,(부산)다대포 해수욕장,17,6,1,60,0
2020-03-21 15:00,(부산)감천문화마을,18,6,1,60,0
2020-03-21 15:00,(부산)광안대교(다이아몬드브릿지),18,6,1,60,0
2020-03-21 15:00,(대구)김광석길,24,3,1,30,0
2020-03-21 15:00,(대구)수성랜드 아이스링크,24,3,1,30,0
2020-03-21 15:00,(대구)수성못,24,3,1,30,0
2020-03-21 15:00,(대구)이월드/83타워,24,3,1,30,0
2020-03-21 15:00,(대구)들안길 먹거리타운,24,3,1,30,0
2020-03-21 15:00,(대구)팔공산 하늘정원,22,3,1,35,0
2020-03-21 15:00,(대구)팔공산 동화지구,22,3,1,35,0
2020-03-21 15:00,(대구)동성로,24,3,1,30,0
2020-03-21 15:00,(대구)패션쥬얼리타운,24,3,1,30,0
2020-03-21 15:00,(대구)앞산카페거리,24,3,1,30,0
2020-03-21 15:00,(대구)앞산공원 전망대,24,3,1,30,0
2020-03-21 15:00,(대구)힐크레스트 허브힐즈,21,3,1,30,0
2020-03-21 15:00,(대구)forRest 스파밸리,21,3,1,30,0
2020-03-21 15:00,(대구)들안길먹거리타운,24,3,1,30,0
2020-03-21 15:00,(대구)대구미술관,24,3,1,30,0
2020-03-21 15:00,(대구)인흥마을,24,2,1,30,0
2020-03-21 15:00,(대구)대구수목원,24,2,1,30,0
2020-03-21 15:00,(대구)도동서원,24,2,1,35,0
2020-03-21 15:00,(대구)낙동강자전거길,24,2,1,30,0
2020-03-21 15:00,(대구)하중도,23,2,1,30,0
2020-03-21 15:00,(대구)호산동메타세콰이어숲길,23,2,1,30,0
2020-03-21 15:00,(대구)사문진주막촌,24,2,1,30,0
2020-03-21 15:00,(대구)팔공산올레1길,22,3,1,35,0
2020-03-21 15:00,(대구)동화사,22,3,1,35,0
2020-03-21 15:00,(대구)팔공산하늘정원,22,3,1,35,0
2020-03-21 15:00,(대구)팔공산산중전통장터,22,3,1,35,0
2020-03-21 15:00,(대구)불로동 고분군,23,3,1,35,0
2020-03-21 15:00,(대구)신숭겸장군유적지,22,3,1,35,0
2020-03-21 15:00,(대구)근대골목,24,3,1,30,0
2020-03-21 15:00,(대구)약령시 한의학박물관,24,3,1,30,0
2020-03-21 15:00,(대구)가톨릭타운,24,3,1,30,0
2020-03-21 15:00,(대구)서문시장,24,3,1,30,0
2020-03-21 15:00,(대구)삼성상회옛터,24,3,1,30,0
2020-03-21 15:00,(대구)벨뱃갤러리 영도다움,24,3,1,30,0
2020-03-21 15:00,(대구)녹동서원,21,3,1,30,0
2020-03-21 15:00,(대구)비슬산자연휴양림,24,2,1,35,0
2020-03-21 15:00,(대구)마비정 벽화마을,24,2,1,30,0
2020-03-21 15:00,(대구)국립대구과학관,23,3,1,35,0
2020-03-21 15:00,(대구)강정고령보,24,2,1,30,0
2020-03-21 15:00,(대구)갓바위,23,3,1,30,0
2020-03-21 15:00,(대구)방짜유기박물관,22,3,1,35,0
2020-03-21 15:00,(대구)시민안전테마파크,22,3,1,35,0
2020-03-21 15:00,(대구)청라언덕,24,3,1,30,0
2020-03-21 15:00,(대구)북성로 공구박물관,24,3,1,30,0
2020-03-21 15:00,(대구)향촌문화관,24,3,1,30,0
2020-03-21 15:00,(대구)대구예술발전소,24,3,1,30,0
2020-03-21 15:00,(광주)대인예술시장,22,2,1,45,0
2020-03-21 15:00,(광주)환벽당/소쇄원,21,2,1,45,0
2020-03-21 15:00,(광주)광주호 호수생태공원,21,2,1,45,0
2020-03-21 15:00,(광주)원효사,21,2,1,45,0
2020-03-21 15:00,(광주)5·18자유공원,22,2,1,45,0
2020-03-21 15:00,(광주)양림동역사문화마을 ,22,2,1,45,0
2020-03-21 15:00,(광주)김대중컨벤션센터,22,2,1,45,0
2020-03-21 15:00,(광주)월봉서원,21,2,1,45,0
2020-03-21 15:00,(광주)양동시장,22,2,1,45,0
2020-03-21 15:00,(광주)양림동역사문화마을,22,2,1,45,0
2020-03-21 15:00,(광주)시립민속박물관,22,2,1,40,0
2020-03-21 15:00,(광주)무등산,21,2,1,45,0
2020-03-21 15:00,(광주)국립5·18민주묘지,21,2,1,45,0
2020-03-21 15:00,(광주)예술의거리,22,2,1,45,0
2020-03-21 15:00,(광주)무돌길,21,2,1,45,0
2020-03-21 15:00,(광주)광주호 호수생태원,21,2,1,45,0
2020-03-21 15:00,(광주)광주학생독립운동기념관,22,2,1,45,0
2020-03-21 15:00,(광주)시립미술관,22,2,1,40,0
2020-03-21 15:00,(광주)국립광주박물관,22,2,1,40,0
2020-03-21 15:00,(광주)광주폴리,21,2,1,45,0
2020-03-21 15:00,(광주)전통문화관,20,3,1,50,0
2020-03-21 15:00,(광주)광주비엔날레,22,2,1,40,0
2020-03-21 15:00,(광주)광주김치타운,22,2,1,45,0
2020-03-21 15:00,(광주)시화문화마을,21,2,1,45,0
2020-03-21 15:00,(광주)충장로,22,2,1,45,0
2020-03-21 15:00,I(광주)T스퀘어,21,2,1,45,0
2020-03-21 15:00,(광주)운림제,20,3,1,50,0
2020-03-21 15:00,(광주)기아자동차 광주공장,22,2,1,45,0
2020-03-21 15:00,(광주)빛고을공예창작촌,22,3,1,45,0
2020-03-21 15:00,(광주)남도향토음식박물관,22,2,1,40,0
2020-03-21 15:00,(광주)고싸움테마파크,22,3,1,45,0
2020-03-21 15:00,(광주)T스퀘어,21,2,1,45,0
2020-03-21 15:00,(담양)소쇄원,21,3,1,55,0
2020-03-21 15:00,(담양)메타세퀘이어길,22,3,1,50,0
2020-03-21 15:00,(군산)새만금방조제,17,3,1,60,0
2020-03-21 15:00,(광주)백양사,22,2,1,45,0
2020-03-21 15:00,(고창)선운사,20,3,1,45,0
2020-03-21 15:00,(신안)증도 슬로우시티,20,5,1,50,0
2020-03-21 15:00,(전주)금산사,21,2,3,50,20
2020-03-21 15:00,(여수)여수엑스포,19,5,1,55,0
2020-03-21 15:00,(보성)보성녹차밭,21,3,1,50,0
2020-03-21 15:00,(고창)고창읍성,19,4,1,55,0
2020-03-21 15:00,(광주)충장사,21,2,1,45,0
2020-03-21 15:00,(장흥)우드랜드,21,3,1,45,0
2020-03-21 15:00,(환순)도곡온천,22,3,1,40,0
2020-03-21 15:00,(순창)고추장마을,21,2,1,45,0
2020-03-21 15:00,(해남)녹우당,19,3,1,50,0
2020-03-21 15:00,(남원)뱀사골,21,2,3,50,20
2020-03-21 15:00,(남원)광한루,22,2,3,50,20
2020-03-21 15:00,(해남)해남땅끝,19,3,1,55,0
2020-03-21 15:00,(광주)포충사,22,3,1,45,0
2020-03-21 15:00,(나주)나주천연염색박물관,21,3,1,50,0
2020-03-21 15:00,(해남)미황사,17,3,1,65,0
2020-03-21 15:00,(나주)반남고분군,21,3,1,50,0
2020-03-21 15:00,(인천)중구문화회관,16,3,3,65,20
2020-03-21 15:00,(인천)자유공원,15,3,3,65,20
2020-03-21 15:00,(인천)인천개항박물관,15,3,3,65,20
2020-03-21 15:00,(인천)신포국제시장,15,3,3,65,20
2020-03-21 15:00,(인천)인천아트플랫폼,15,3,3,65,20
2020-03-21 15:00,(인천)연안부두 해양광장,15,3,3,70,20
2020-03-21 15:00,(인천)월미공원,15,3,3,65,20
2020-03-21 15:00,(인천)차이나타운,15,3,3,65,20
2020-03-21 15:00,(인천)동화마을,15,3,3,65,20
2020-03-21 15:00,(인천)개항장 역사문화지구,15,3,3,65,20
2020-03-21 15:00,(인천)연안부두(해수탕),15,3,3,65,20
2020-03-21 15:00,(인천)무의도,13,3,3,65,20
2020-03-21 15:00,(대전)한밭수목원,21,3,4,50,30
2020-03-21 15:00,(대전)계족산,21,3,4,45,30
2020-03-21 15:00,(대전)뿌리공원,21,3,4,50,30
2020-03-21 15:00,(대전)오월드,21,3,4,50,30
2020-03-21 15:00,(대전)화폐박물관,21,3,4,50,30
2020-03-21 15:00,(대전)엑스포다리,21,3,4,50,30
2020-03-21 15:00,(대전)엑스포과학공원,21,3,4,50,30
2020-03-21 15:00,(대전)지질박물관,21,3,4,50,30
2020-03-21 15:00,(청주)문의문화재단지,20,3,4,40,30
2020-03-21 15:00,(울산)진하해수욕장,18,6,1,60,0
2020-03-21 15:00,(울산)간월재,23,3,1,30,0
2020-03-21 15:00,(울산)신불산,23,3,1,30,0
2020-03-21 15:00,(울산)신불재,23,3,1,30,0
2020-03-21 15:00,(울산)간절곶,18,6,1,60,0
2020-03-21 15:00,(울산)일산해수욕장,18,6,1,70,0
2020-03-21 15:00,(울산)대왕암대공원,18,6,1,70,0
2020-03-21 15:00,(울산)주전·강동해변,21,5,1,50,0
2020-03-21 15:00,(울산)반구대 암각화,24,3,1,25,0
2020-03-21 15:00,(울산)박제상 유적지,23,3,1,35,0
2020-03-21 15:00,(울산)울주 천전리각석,23,3,1,35,0
2020-03-21 15:00,(울산)작괘천,23,3,1,30,0
2020-03-21 15:00,(울산)현대자동차,21,5,1,50,0
2020-03-21 15:00,(울산)울산암각화박물관,23,3,1,35,0
2020-03-21 15:00,(울산)석남사,23,3,1,30,0
2020-03-21 15:00,(울산)간월사지,23,3,1,30,0
2020-03-21 15:00,(울산)현대중공업,18,6,1,70,0
2020-03-21 15:00,(울산)울산대공원,23,4,1,40,0
2020-03-21 15:00,(울산)울산체육공원,23,4,1,40,0
2020-03-21 15:00,(울산)태화강대공원,22,4,1,40,0
2020-03-21 15:00,(울산)울산박물관,22,4,1,40,0
2020-03-21 15:00,(울산)외고산옹기마을,20,5,1,55,0
2020-03-21 15:00,(세종)세종전통시장,21,3,4,35,30
2020-03-21 15:00,(세종)뒤웅박고을,21,3,4,35,30
2020-03-21 15:00,(세종)교과서박물관,21,3,4,40,30
2020-03-21 15:00,(세종)비암사,21,3,4,35,30
2020-03-21 15:00,(세종)시립 민속박물관,21,3,4,35,30
2020-03-21 15:00,(세종)영평사,20,3,4,45,30
2020-03-21 15:00,(세종)금강자연휴양림,20,3,4,40,30
2020-03-21 15:00,(세종)고복자연공원,21,3,4,35,30
2020-03-21 15:00,(세종)베어트리파크,21,3,4,35,30
2020-03-21 15:00,(세종)조천연꽃공원,21,3,4,35,30
2020-03-21 15:00,(세종)문절사,20,3,4,40,30
2020-03-21 15:00,(세종)운주산성,21,3,4,35,30
2020-03-21 15:00,(세종)금이성,21,3,4,35,30
2020-03-21 15:00,(세종)김종서장군묘,20,3,4,45,30
2020-03-21 15:00,(세종)봉산동향나무,21,3,4,35,30
2020-03-21 15:00,(세종)금강대도,20,3,4,40,30
2020-03-21 15:00,(세종)밀마루전망대,21,3,4,40,30
2020-03-21 15:00,(세종)우주측지관측센터,21,3,4,40,30
2020-03-21 15:00,(세종)합강공원오토캠핑장,21,3,4,40,30
2020-03-21 15:00,(세종)세종보,21,3,4,40,30
2020-03-21 15:00,(세종)세종호수공원,21,3,4,40,30
2020-03-21 15:00,(세종)독락정,20,3,4,40,30
2020-03-21 15:00,(양평)민물고기생태박물관,18,3,3,45,20
2020-03-21 15:00,(양평)몽양여운형기념관,20,3,3,40,20
2020-03-21 15:00,(양평)두물머리,20,3,3,40,20
2020-03-21 15:00,(양평)용문산관광지,18,3,3,45,20
2020-03-21 15:00,(양평)양평레일바이크,18,3,3,45,20
2020-03-21 15:00,(양평)미리내승마클럽,18,3,3,50,20
2020-03-21 15:00,(양평)친환경농업박물관,18,3,3,45,20
2020-03-21 15:00,(양평)보릿고개마을,18,3,3,45,20
2020-03-21 15:00,(양평)양평물소리길,19,3,3,40,20
2020-03-21 15:00,(양평)황순원문학촌 소나기마을,18,3,3,40,20
2020-03-21 15:00,(양평)세미원,20,3,3,40,20
2020-03-21 15:00,(양평)용문산,18,3,3,45,20
2020-03-21 15:00,(양평)들꽃수목원,19,3,3,40,20
2020-03-21 15:00,(양평)양평군립미술관,19,3,3,40,20
2020-03-21 15:00,(인제)번지점프,17,3,3,25,20
2020-03-21 15:00,(홍천)수타사,18,3,3,40,20
2020-03-21 15:00,(고성)김일성 별장,16,5,3,20,20
2020-03-21 15:00,(속초)아바이마을,15,5,3,20,20
2020-03-21 15:00,(속초)대포항,17,5,3,20,20
2020-03-21 15:00,(고성)통일전망대,15,5,3,20,20
2020-03-21 15:00,(속초)등대전망대,15,5,3,20,20
2020-03-21 15:00,(평창)효석문학관,16,3,3,55,20
2020-03-21 15:00,(강릉)커피거리,18,5,3,20,20
2020-03-21 15:00,(강릉)바우길5코스,17,5,3,20,20
2020-03-21 15:00,(태백)바람의언덕,17,3,3,20,20
2020-03-21 15:00,(삼척)너와마을,18,4,3,20,20
2020-03-21 15:00,(삼척)해양레일바이크,17,5,3,20,20
2020-03-21 15:00,(태백)구문소,17,3,3,20,20
2020-03-21 15:00,(태백)검룡소,17,3,3,20,20
2020-03-21 15:00,(태백)고생대자연사박물관,17,3,3,20,20
2020-03-21 15:00,(삼척)환선굴,18,5,3,20,20
2020-03-21 15:00,(삼척)이사부사자공원,16,5,3,20,20
2020-03-21 15:00,(태백)황지연못,17,3,3,20,20
2020-03-21 15:00,(태백)석탄박물관,16,3,3,20,20
2020-03-21 15:00,(삼척)삼척온천,16,5,3,20,20
2020-03-21 15:00,(원주)허브팜,18,3,3,45,20
2020-03-21 15:00,(영월)청령포,19,3,3,35,20
2020-03-21 15:00,(강릉)주문진수산시장,16,5,3,20,20
2020-03-21 15:00,(강릉)정동진,17,5,3,20,20
2020-03-21 15:00,(강릉)대관령박물관,18,5,3,20,20
2020-03-21 15:00,(강릉)단오문화관,18,5,3,20,20
2020-03-21 15:00,(강릉)통일공원,17,5,3,20,20
2020-03-21 15:00,(횡성)올챙이추억 전시관,14,3,3,55,20
2020-03-21 15:00,(속초)설악산케이블카,17,5,3,20,20
2020-03-21 15:00,(고성)거진항,16,5,3,20,20
2020-03-21 15:00,(춘천)소양강댐,18,3,3,35,20
2020-03-21 15:00,(양양)남애항,15,5,3,20,20
2020-03-21 15:00,(양양)하조대,14,5,3,20,20
2020-03-21 15:00,(속초)천산온천,15,5,3,20,20
2020-03-21 15:00,(강릉)하슬라아트월드,17,5,3,20,20
2020-03-21 15:00,(동해)고래화석박물관,15,5,3,20,20
2020-03-21 15:00,(증평)증평장뜰전통시장,21,4,4,40,30
2020-03-21 15:00,(증평)민속체험박물관,21,4,4,40,30
2020-03-21 15:00,(청원)운보의집,21,4,4,40,30
2020-03-21 15:00,(진천)농다리,21,3,4,35,30
2020-03-21 15:00,(진천)진천종박물관,21,3,4,30,30
2020-03-21 15:00,(진천)길상사,21,3,4,30,30
2020-03-21 15:00,(보은)선병국가옥,21,3,4,35,30
2020-03-21 15:00,(보은)삼년산성,21,3,4,35,30
2020-03-21 15:00,(청주)수암골,21,3,4,40,30
2020-03-21 15:00,(단양)고수동굴,20,5,3,35,20
2020-03-21 15:00,(충주)미륵리사지,19,5,4,40,30
2020-03-21 15:00,(제천)청풍호유람선,20,5,3,45,20
2020-03-21 15:00,(제천)청풍문화재단지,20,5,3,45,20
2020-03-21 15:00,(음성)반기문총장생가,20,4,4,45,30
2020-03-21 15:00,(단양)충주호유람선,20,4,3,40,20
2020-03-21 15:00,(옥천)정지용문학관,21,3,4,40,30
2020-03-21 15:00,(옥천)장계관광지,21,3,4,40,30
2020-03-21 15:00,(영동)난계국악전수관,22,3,3,40,20
2020-03-21 15:00,(청주)수암골벽화마을,21,3,4,40,30
2020-03-21 15:00,(청주)초정약수,21,4,4,40,30
2020-03-21 15:00,(증평)좌구산 천문대,21,4,4,40,30
2020-03-21 15:00,(청주)오송국제바이오산업엑스포,21,3,4,35,30
2020-03-21 15:00,(청주)육거리시장,21,3,4,40,30
2020-03-21 15:00,(청주)성안길,21,3,4,40,30
2020-03-21 15:00,(청주)미래지테마공원,21,3,4,40,30
2020-03-21 15:00,(충주)수안보 온천,19,5,4,40,30
2020-03-21 15:00,(충주)미륵대원지,19,5,4,40,30
2020-03-21 15:00,(충주)충주고구려비,20,4,4,45,30
2020-03-21 15:00,(충주)세계술박물관 리쿼리움,20,4,4,45,30
2020-03-21 15:00,(괴산)산막이 옛길,20,5,4,35,30
2020-03-21 15:00,(괴산)조령 제3관문,19,4,4,40,30
2020-03-21 15:00,(진천)김유신 탄생지,21,3,4,30,30
2020-03-21 15:00,(진천)종박물관,21,3,4,30,30
2020-03-21 15:00,(영동)와인코리아,22,3,3,35,20
2020-03-21 15:00,(영동)난계국악박물관,22,3,3,40,20
2020-03-21 15:00,(영동)옥계폭포,22,3,3,40,20
2020-03-21 15:00,(옥천)육영수 생가,21,3,4,40,30
2020-03-21 15:00,(단양)장회나루,20,4,3,40,20
2020-03-21 15:00,(단양)다누리 아쿠아리움,20,5,3,35,20
2020-03-21 15:00,(체천)청풍호 관광모노레일,20,5,3,45,20
2020-03-21 15:00,(제천)한방엑스포공원,19,5,3,40,20
2020-03-21 15:00,(제천)청풍랜드,20,5,3,45,20
2020-03-21 15:00,(제천)의림지,19,5,3,40,20
2020-03-21 15:00,(제천)배론성지,19,5,3,45,20
2020-03-21 15:00,(진천)배티성지,21,3,4,40,30
2020-03-21 15:00,(음성)음성꽃동네,21,3,4,35,30
2020-03-21 15:00,(괴산)연풍성지,19,4,4,40,30
2020-03-21 15:00,(음성)감곡매괴성당,19,3,4,45,30
2020-03-21 15:00,(예산)리솜스파캐슬,17,3,4,55,30
2020-03-21 15:00,(예산)충의사,17,3,4,55,30
2020-03-21 15:00,(서산)해미성지,15,3,4,60,30
2020-03-21 15:00,(천안)상록리조트 아쿠아피아,21,3,4,35,30
2020-03-21 15:00,(천안)천안박물관,21,3,4,50,30
2020-03-21 15:00,(천안)각원사,21,3,4,50,30
2020-03-21 15:00,(천안)우정박물관,21,3,4,50,30
2020-03-21 15:00,(아산)추사고택,20,3,4,50,30
2020-03-21 15:00,(아산)천연기념물 백송,20,3,4,50,30
2020-03-21 15:00,(아산)아산레일바이크,20,3,4,50,30
2020-03-21 15:00,(아산)도고 파라다이스 스파,20,3,4,50,30
2020-03-21 15:00,(천안)독립기념관,20,3,4,35,30
2020-03-21 15:00,(천안)유관순열사기념관,21,3,4,35,30
2020-03-21 15:00,(천안)테딘워터파크,21,3,4,35,30
2020-03-21 15:00,(서산)서산동부시장,16,3,4,65,30
2020-03-21 15:00,(서산)동문동성당,16,3,4,65,30
2020-03-21 15:00,(서산)상흥리 공소,17,3,4,65,30
2020-03-21 15:00,(서산)계암고택,17,3,4,65,30
2020-03-21 15:00,(서천)희리산,15,3,1,65,0
2020-03-21 15:00,(서천서천특화시장,17,3,1,65,0
2020-03-21 15:00,(서천희리산해송자연휴양림,15,3,1,65,0
2020-03-21 15:00,(예산)봉수산자연휴양림,20,3,3,50,20
2020-03-21 15:00,(보령)석탄박물관,16,3,3,65,20
2020-03-21 15:00,(청양)칠갑호,20,3,3,50,20
2020-03-21 15:00,(예산)의좋은형제공원,20,3,3,50,20
2020-03-21 15:00,(부여)무량사,16,3,3,60,20
2020-03-21 15:00,(보령)성주사지,16,3,3,65,20
2020-03-21 15:00,(보령)무창포항,15,3,3,65,20
2020-03-21 15:00,(태안)솔모랫길,13,3,3,75,20
2020-03-21 15:00,(태안)영목항,12,3,3,75,20
2020-03-21 15:00,(예산)광시암소한우촌,20,3,3,50,20
2020-03-21 15:00,(예산)한국고건축박물관,17,3,4,55,30
2020-03-21 15:00,(보성)보성차밭,21,3,1,50,0
2020-03-21 15:00,(나주)영산강황포돛배,21,3,1,45,0
2020-03-21 15:00,(완도)청산도 올레길,17,3,1,70,0
2020-03-21 15:00,(완도)완도,19,3,1,55,0
2020-03-21 15:00,(순천)순천만,22,3,1,50,0
2020-03-21 15:00,(진도)운림산방,19,3,1,60,0
2020-03-21 15:00,(해남)울돌목 거북배,19,5,1,55,0
2020-03-21 15:00,(목포)종합수산시장,18,5,1,50,0
2020-03-21 15:00,(무안)전남도립국악단,19,5,1,50,0
2020-03-21 15:00,(담양)메타세콰이어 가로수길,22,3,1,50,0
2020-03-21 15:00,(담양)삼지내마을,22,2,1,50,0
2020-03-21 15:00,(순천)고인돌 공원,22,3,1,45,0
2020-03-21 15:00,(함평)꽃무릇공원,20,2,1,50,0
2020-03-21 15:00,(완도)보길도,18,3,1,65,0
2020-03-21 15:00,(함평)국향대전,20,6,1,50,0
2020-03-21 15:00,(진도)녹진전망대,18,4,1,60,0
2020-03-21 15:00,(해남)땅끝마을,17,3,1,65,0
2020-03-21 15:00,(목포)유달산,18,5,1,50,0
2020-03-21 15:00,(영광)법성포,18,4,1,60,0
2020-03-21 15:00,(영암)영암 F1경기장,19,5,1,50,0
2020-03-21 15:00,(안동)한국국학진흥원,20,3,3,25,20
2020-03-21 15:00,(안동)도산서원,20,3,3,25,20
2020-03-21 15:00,(안동)이육사문학관,20,3,3,25,20
2020-03-21 15:00,(안동)퇴계태실,20,3,3,25,20
2020-03-21 15:00,(안동)농암종택,20,3,3,25,20
2020-03-21 15:00,(안동)오천군자리,21,3,3,25,20
2020-03-21 15:00,(제주)한라생태숲,25,3,1,30,0
2020-03-21 15:00,(제주)제주4·3평화공원,25,3,1,30,0
2020-03-21 15:00,(제주)동문재래시장,23,3,1,45,0
2020-03-21 15:00,(제주)제주현대미술관,17,5,1,85,0
2020-03-21 15:00,(서귀포)제주민속촌박물관,19,4,1,65,0
2020-03-21 15:00,(제주)제주민속자연사박물관,23,3,1,45,0
2020-03-21 15:00,(제주)제주해녀박물관,21,4,1,55,0
2020-03-21 15:00,(제주)제주도립미술관,22,3,1,45,0
2020-03-21 15:00,(제주)제주돌마을공원,19,3,1,70,0
2020-03-21 15:00,(서귀포)서귀포시립기당미술관,18,2,1,70,0
2020-03-21 15:00,(제주)5.16도로숲터널,24,3,1,35,0
2020-03-21 15:00,(제주)오월의 꽃,17,5,1,85,0
2020-03-21 15:00,(서귀포)엉또폭포,19,4,3,70,20
2020-03-21 15:00,(제주)한림공원,19,3,1,70,0
2020-03-21 15:00,(제주)토끼섬,21,4,1,55,0
2020-03-21 15:00,(서귀포)성산일출봉,21,5,1,55,0
2020-03-21 15:00,(서귀포)일출랜드,21,5,1,55,0
2020-03-21 15:00,(서귀포)제주월드컵경기장,19,4,3,70,20
2020-03-21 15:00,(서귀포)제주유리박물관,18,4,1,70,0
2020-03-21 15:00,(서귀포)제주테디베어박물관,18,4,1,70,0
2020-03-21 15:00,(서귀포)외돌개,18,4,3,70,20
2020-03-21 15:00,(서귀포)신양섭지코지 해변,21,5,1,55,0
2020-03-21 15:00,(서귀포)제주추사관,17,5,1,70,0
2020-03-21 15:00,(서귀포)건강과 성 박물관,16,4,1,70,0
2020-03-21 15:00,(제주)제주향교,22,3,1,45,0
2020-03-21 15:00,(제주)생각하는 정원,17,5,1,85,0
2020-03-21 15:00,(제주)월령선인장자생지,19,3,1,70,0
2020-03-21 15:00,(서귀포)소리섬박물관,18,4,1,70,0
2020-03-21 15:00,(제주)애월해안도로,20,4,1,65,0
2020-03-21 15:00,(서귀포)용머리해안,16,4,1,70,0
2020-03-21 15:00,(서귀포)소인국테마파크,16,4,1,70,0
2020-03-21 15:00,(서귀포)오설록녹차박물관,16,4,1,70,0
2020-03-21 15:00,(서귀포)남원큰엉,19,3,1,65,0
2020-03-21 15:00,(서귀포)천지연폭포,18,4,3,70,20
2020-03-21 15:00,(서귀포)중문관광단지,19,4,1,70,0
2020-03-21 15:00,(제주)함덕해수욕장,24,3,1,35,0
2020-03-21 15:00,(제주)생각하는정원,17,5,1,85,0
2020-03-21 15:00,(제주)프시케월드 나비박물관,20,4,1,65,0
2020-03-21 15:00,(서귀포)성읍민속마을,19,4,1,65,0
2020-03-21 15:00,(서귀포)성산갑문입구,21,5,1,55,0
2020-03-21 15:00,(서귀포)목화휴게소,21,5,1,55,0
2020-03-21 15:00,(서귀포)말미오름,21,5,1,55,0
2020-03-21 15:00,(서귀포)시흥초등학교,21,5,1,55,0
2020-03-21 15:00,(서귀포)수마포,21,5,1,55,0
2020-03-21 15:00,(서귀포)광치기해변,21,5,1,55,0
2020-03-21 15:00,(서귀포)종달리 옛 소금밭,21,4,1,55,0
2020-03-21 15:00,(서귀포)종달초등학교,21,4,1,55,0
2020-03-21 15:00,(서귀포)알오름,19,4,1,65,0
2020-03-21 15:00,(서귀포)식산봉,21,5,1,55,0
2020-03-21 15:00,(서귀포)족지물,21,5,1,55,0
2020-03-21 15:00,(서귀포)오조리마을회관,21,5,1,55,0
2020-03-21 15:00,(서귀포)홍마트,21,5,1,55,0
2020-03-21 15:00,(서귀포)대수산봉,21,5,1,55,0
2020-03-21 15:00,(서귀포)말 방목장입구,21,5,1,55,0
2020-03-21 15:00,(서귀포)온평포구,21,5,1,55,0
2020-03-21 15:00,(서귀포)난산리,21,5,1,55,0
2020-03-21 15:00,(서귀포)배고픈다리,19,4,1,65,0
2020-03-21 15:00,(서귀포)표선해비치 해변,19,4,1,65,0
2020-03-21 15:00,(서귀포)신풍신청 바다목장,21,5,1,55,0
2020-03-21 15:00,(서귀포)독자봉,21,5,1,55,0
2020-03-21 15:00,(서귀포)통오름,21,5,1,55,0
2020-03-21 15:00,(서귀포)남원포구,19,3,1,65,0
2020-03-21 15:00,(서귀포)망오름 정상,19,4,1,65,0
2020-03-21 15:00,(서귀포)해병대길,19,4,1,65,0
2020-03-21 15:00,(서귀포)표선해비치 해변/해양수산연구소,19,4,1,65,0
2020-03-21 15:00,(서귀포)영천사/삼석교,19,4,1,65,0
2020-03-21 15:00,(서귀포)쇠소깍,19,3,1,65,0
2020-03-21 15:00,(서귀포)망장포/예촌망,19,3,1,65,0
2020-03-21 15:00,(서귀포)넙빌레,19,3,1,65,0
2020-03-21 15:00,(서귀포)동백나무군락/조배머들코지,19,3,1,65,0
2020-03-21 15:00,(서귀포)종정테웃개,19,3,1,65,0
2020-03-21 15:00,(서귀포)검은여 쉼터,18,3,1,65,0
2020-03-21 15:00,(서귀포)구두미 포구,18,4,3,70,20
2020-03-21 15:00,(서귀포)제지기오름,18,4,3,70,20
2020-03-21 15:00,(서귀포)삼매봉입구,18,2,1,70,0
2020-03-21 15:00,(서귀포)제주올레사무국&안내국,18,2,1,70,0
2020-03-21 15:00,(서귀포)남성리사거리,18,4,3,70,20
2020-03-21 15:00,(서귀포)서귀포 매일올레시장/서귀포항,18,4,3,70,20
2020-03-21 15:00,(서귀포)월평마을 아왜낭목,19,4,3,70,20
2020-03-21 15:00,(서귀포)돔베낭길,19,4,3,70,20
2020-03-21 15:00,(서귀포)법환포구,19,4,3,70,20
2020-03-21 15:00,(서귀포)서건도 앞,19,4,3,70,20
2020-03-21 15:00,(서귀포)강정천,19,4,3,70,20
2020-03-21 15:00,(서귀포)월평포구,19,4,3,70,20
2020-03-21 15:00,(서귀포)수봉로,18,2,1,70,0
2020-03-21 15:00,(서귀포)제남아동복지센터,18,4,3,70,20
2020-03-21 15:00,(서귀포)고근산 정상,18,4,3,70,20
2020-03-21 15:00,(서귀포)대신중학교,19,4,3,70,20
2020-03-21 15:00,(서귀포)하논분화구,19,4,3,70,20
2020-03-21 15:00,(서귀포)서호초등학교,19,4,3,70,20
2020-03-21 15:00,(서귀포)삼매봉 입구 삼거리,18,2,1,70,0
2020-03-21 15:00,(서귀포)대포포구,19,4,1,70,0
2020-03-21 15:00,(서귀포)주상절리 안내소,19,4,1,70,0
2020-03-21 15:00,(서귀포)베릿네오름 입구,19,4,1,70,0
2020-03-21 15:00,(서귀포)예래생태공원,18,4,1,70,0
2020-03-21 15:00,(서귀포)논짓물,18,4,1,70,0
2020-03-21 15:00,(서귀포)중문색달해변,18,4,1,70,0
2020-03-21 15:00,(서귀포)약천사,19,4,1,70,0
2020-03-21 15:00,(서귀포)대평포구,16,4,1,70,0
2020-03-21 15:00,(서귀포)화순 금모래해변,16,4,1,70,0
2020-03-21 15:00,(서귀포)자귀나무 숲길/황개천,16,4,1,70,0
2020-03-21 15:00,(서귀포)진모르동산,16,4,1,70,0
2020-03-21 15:00,(서귀포)볼레낭길/월라봉,16,4,1,70,0
2020-03-21 15:00,(서귀포)몰질,19,4,3,70,20
2020-03-21 15:00,(서귀포)송악산/송악산 전망대,17,5,1,70,0
2020-03-21 15:00,(서귀포)섯알오름4?3희생자 추모비,17,5,1,70,0
2020-03-21 15:00,(서귀포)사계포구,16,4,1,70,0
2020-03-21 15:00,(서귀포)산방연대,16,4,1,70,0
2020-03-21 15:00,(서귀포)하모해수욕장/모슬포항,17,5,1,70,0
2020-03-21 15:00,(서귀포)무릉 생태학교,17,5,1,70,0
2020-03-21 15:00,(서귀포)효자정려비,17,5,1,70,0
2020-03-21 15:00,(서귀포)정개왓 광장,17,5,1,70,0
2020-03-21 15:00,(서귀포)신평곶자왈,17,5,1,70,0
2020-03-21 15:00,(서귀포)정난주 마리아 성지,17,5,1,70,0
2020-03-21 15:00,(서귀포)모슬봉,17,5,1,70,0
2020-03-21 15:00,(서귀포)대정여고,17,5,1,70,0
2020-03-21 15:00,(서귀포)모슬포항,17,5,1,70,0
2020-03-21 15:00,(서귀포)녹남봉,17,5,1,70,0
2020-03-21 15:00,(서귀포)신도 생태연못,17,5,1,70,0
2020-03-21 15:00,(제주)용수포구,17,5,1,85,0
2020-03-21 15:00,(제주)생이기정길,17,5,1,85,0
2020-03-21 15:00,(제주)당산봉,17,5,1,85,0
2020-03-21 15:00,(제주)한장동 마을회관/수월봉,17,5,1,85,0
2020-03-21 15:00,(제주)저지마을 회관,17,5,1,85,0
2020-03-21 15:00,(제주)저지오름,17,5,1,85,0
2020-03-21 15:00,(제주)낙천리의자마을,17,5,1,85,0
2020-03-21 15:00,(제주)고사리숲길,17,5,1,85,0
2020-03-21 15:00,(제주)특전사숲길,17,5,1,85,0
2020-03-21 15:00,(제주)충혼탑사거리/용수저수지,17,5,1,85,0
2020-03-21 15:00,(제주)옹포포구,19,3,1,70,0
2020-03-21 15:00,(제주)협재해수욕장,19,3,1,70,0
2020-03-21 15:00,(제주)무명천/월령 선인장 자생지,19,3,1,70,0
2020-03-21 15:00,(제주)오시록헌 농로,19,3,1,70,0
2020-03-21 15:00,(제주)큰소낭 숲길,19,3,1,70,0
2020-03-21 15:00,(제주)한림항 비양도 도항선 선착장,19,3,1,70,0
2020-03-21 15:00,(제주)대수포구,19,3,1,70,0
2020-03-21 15:00,(제주)고내포구,20,4,1,65,0
2020-03-21 15:00,(제주)고내봉 입구,20,4,1,65,0
2020-03-21 15:00,(제주)백일홍길,20,4,1,65,0
2020-03-21 15:00,(제주)납읍초등학교 금산공원입구,20,4,1,65,0
2020-03-21 15:00,(제주)영새성물/선운정사,20,4,1,65,0
2020-03-21 15:00,(제주)광령1리 사무소,20,4,1,65,0
2020-03-21 15:00,(제주)청화마을,20,4,1,65,0
2020-03-21 15:00,(제주)항몽유적지,20,4,1,65,0
2020-03-21 15:00,(제주)수산저수지,20,4,1,65,0
2020-03-21 15:00,(제주)수산봉 입구,20,4,1,65,0
2020-03-21 15:00,(제주)구엄돌염전,20,4,1,65,0
2020-03-21 15:00,(제주)남두연대,20,4,1,65,0
2020-03-21 15:00,(제주)무수천 숲길,20,4,1,65,0
2020-03-21 15:00,(제주)도두봉,22,3,1,45,0
2020-03-21 15:00,(제주)외도월대,22,3,1,40,0
2020-03-21 15:00,(제주)동문로터리 산지천 마당,23,3,1,45,0
2020-03-21 15:00,(제주)이호테우해변,22,3,1,40,0
2020-03-21 15:00,(제주)레포츠공원,22,3,1,45,0
2020-03-21 15:00,(제주)삼양검은모래해변/불탑사,25,3,1,30,0
2020-03-21 15:00,(제주)제주항,23,3,1,45,0
2020-03-21 15:00,(제주)사라봉/화북포구,23,3,1,45,0
2020-03-21 15:00,(제주)조천 만세동산,24,3,1,35,0
2020-03-21 15:00,(제주)닭머르동산/대섬,24,3,1,35,0
2020-03-21 15:00,추자교/추자항,17,3,1,70,0
2020-03-21 15:00,돈대산,17,3,1,70,0
2020-03-21 15:00,신양항/황경헌의 묘,17,3,1,70,0
2020-03-21 15:00,묵리교차로,17,3,1,70,0
2020-03-21 15:00,추자등대,17,3,1,70,0
2020-03-21 15:00,추자항,17,3,1,70,0
2020-03-21 15:00,(제주)김녕농로/김녕서포구,21,4,1,55,0
2020-03-21 15:00,(제주)북촌포구 등명대/북촌동굴,24,3,1,35,0
2020-03-21 15:00,(제주)너븐숭이 4?3기념관,24,3,1,35,0
2020-03-21 15:00,(제주)함덕 서우봉해변,24,3,1,35,0
2020-03-21 15:00,(제주)신흥 해수욕장,24,3,1,35,0
2020-03-21 15:00,(제주)동복리 마을 운동장,21,4,1,55,0
2020-03-21 15:00,(제주)뱅듸길/제주해녀박물관,21,4,1,55,0
2020-03-21 15:00,(제주)계룡동마을회관,21,4,1,55,0
2020-03-21 15:00,(제주)좌가연대,21,4,1,55,0
2020-03-21 15:00,(제주)행원포구,21,4,1,55,0
2020-03-21 15:00,(제주)월정해수욕장,21,4,1,55,0
2020-03-21 15:00,(제주)환해장성,21,4,1,55,0
2020-03-21 15:00,(제주)김녕서포구,21,4,1,55,0
2020-03-21 15:00,(춘천)봉화대(라데나콘도),18,3,3,40,20
2020-03-21 15:00,(춘천)소양2교,18,3,3,35,20
2020-03-21 15:00,(춘천)당간지주,18,3,3,35,20
2020-03-21 15:00,(춘천)소양강처녀상,18,3,3,35,20
2020-03-21 15:00,(춘천)중도 섬둘레길,18,3,3,35,20
2020-03-21 15:00,(춘천)소양댐,18,3,3,35,20
2020-03-21 15:00,(춘천)황금비늘테마거리,18,3,3,35,20
2020-03-21 15:00,(춘천)근화동배터,18,3,3,35,20
2020-03-21 15:00,(춘천)송암리,19,3,3,40,20
2020-03-21 15:00,(춘천)어린이회관,17,3,3,35,20
2020-03-21 15:00,(춘천)신매대교,18,3,3,35,20
2020-03-21 15:00,(춘천)박사마을 선양탑,18,3,3,35,20
2020-03-21 15:00,(원주)세렴폭포,18,3,3,50,20
2020-03-21 15:00,(원주)구룡사,18,3,3,50,20
2020-03-21 15:00,(원주)비로봉,18,3,3,50,20
2020-03-21 15:00,(원주)입석대,18,3,3,50,20
2020-03-21 15:00,(원주)국형사,19,3,3,40,20
2020-03-21 15:00,(원주)항로봉,19,3,3,40,20
2020-03-21 15:00,(강릉)대관령국사성황사 및 산신당,14,4,3,20,20
2020-03-21 15:00,(강릉)대관령양떼목장,14,4,3,20,20
2020-03-21 15:00,(강릉)선자령,14,4,3,20,20
2020-03-21 15:00,(강릉)임경당(상임경당),18,5,3,20,20
2020-03-21 15:00,(강릉)관음리5층석탑,18,5,3,20,20
2020-03-21 15:00,(강릉)명주군완릉,18,5,3,20,20
2020-03-21 15:00,(강릉)보현사,18,5,3,20,20
2020-03-21 15:00,(강릉)대관령휴게소,14,4,3,20,20
2020-03-21 15:00,(강릉)대공산성,18,5,3,20,20
2020-03-21 15:00,(강릉)오봉서원,18,5,3,20,20
2020-03-21 15:00,(태백)매봉산풍력단지,17,3,3,20,20
2020-03-21 15:00,(태백)용연동굴,17,3,3,20,20
2020-03-21 15:00,(속초)청대산(떡밭재),17,5,3,20,20
2020-03-21 15:00,(속초)엑스포공원 일대,15,5,3,20,20
2020-03-21 15:00,(속초)조양동선사유적지,15,5,3,20,20
2020-03-21 15:00,(홍천)홍천생명건강과학관,19,3,3,40,20
2020-03-21 15:00,(홍천)수타사. 공작산 생태숲,18,3,3,40,20
2020-03-21 15:00,(홍천)가리산자연휴양림,18,3,3,35,20
2020-03-21 15:00,(홍천)자연환경연구공원,19,3,3,40,20
2020-03-21 15:00,(홍천)하이트맥주산업단지,19,3,3,40,20
2020-03-21 15:00,(영월)동강사진박물관,19,3,3,35,20
2020-03-21 15:00,(영월)영흥리,19,3,3,35,20
2020-03-21 15:00,(영월)강원도 탄광문화촌,19,3,3,35,20
2020-03-21 15:00,(영월)선돌,19,3,3,35,20
2020-03-21 15:00,(평창)한국자생식물원,14,4,3,20,20
2020-03-21 15:00,(평창)상원사,17,3,3,30,20
2020-03-21 15:00,(평창)동파골야영장,17,3,3,30,20
2020-03-21 15:00,(평창)월정사,17,3,3,30,20
2020-03-21 15:00,(양구)국토정중앙천문대,18,3,3,30,20
2020-03-21 15:00,(양구)전쟁기념관,15,4,3,35,20
2020-03-21 15:00,(양구)광치자연휴양림,18,3,3,30,20
2020-03-21 15:00,(양구)방산자기박물관,17,3,3,35,20
2020-03-21 15:00,(양구)제4땅굴,15,4,3,35,20
2020-03-21 15:00,(양구)을지전망대,15,4,3,35,20
2020-03-21 15:00,(양구)선사박물관,18,3,3,35,20
2020-03-21 15:00,(양구)박수근미술관,18,3,3,35,20
2020-03-21 15:00,(양구)통일관,18,3,3,35,20
2020-03-21 15:00,(고성)청간정,15,5,3,20,20
2020-03-21 15:00,(고성)건봉사,16,5,3,20,20
2020-03-21 15:00,(고성)화진포 관광지,15,5,3,20,20
2020-03-21 15:00,(인천)아라서해갑문 ,16,3,3,65,20
2020-03-21 15:00,(서울)아라한강갑문,18,3,3,50,20
2020-03-21 15:00,(남양주)팔당대교,18,3,3,35,20
2020-03-21 15:00,(서울)뚝섬 전망콜플렉스,20,3,3,40,20
2020-03-21 15:00,(서울)광나루 자전거공원,19,3,3,40,20
2020-03-21 15:00,(서울)여의도 서강대교 남단,19,3,3,45,20
2020-03-21 15:00,(남양주)북한강철교,18,3,3,35,20
2020-03-21 15:00,(충주)목행교,20,5,4,45,30
2020-03-21 15:00,(여주)이포보,19,3,3,45,20
2020-03-21 15:00,(여주)여주보,19,3,4,45,30
2020-03-21 15:00,(충주)비내섬,19,3,4,45,30
2020-03-21 15:00,(여주)강천보,18,3,4,50,30
2020-03-21 15:00,(남양주)샛터삼거리,17,3,3,40,20
2020-03-21 15:00,(춘천)의암댐,18,3,3,40,20
2020-03-21 15:00,(남양주)밝은 광장,18,3,3,35,20
2020-03-21 15:00,(가평)경강교,18,3,3,45,20
2020-03-21 15:00,(괴산)이화령 휴게소,19,4,4,40,30
2020-03-21 15:00,(문경)불정역,21,3,4,35,30
2020-03-21 15:00,(상주)상풍교,23,3,3,35,20
2020-03-21 15:00,(창녕)합천창녕보,25,2,1,35,0
2020-03-21 15:00,(부산)낙동강 하구둑,18,6,1,60,0
2020-03-21 15:00,(양산)물문화관,20,5,1,50,0
2020-03-21 15:00,(구미)구미보,24,2,1,35,0
2020-03-21 15:00,(칠곡)칠곡보,23,3,1,35,0
2020-03-21 15:00,(고령)달성보,24,2,1,30,0
2020-03-21 15:00,(상주)상주보,22,3,3,35,20
2020-03-21 15:00,(고령)강정고령보,24,2,1,30,0
2020-03-21 15:00,(창녕)창녕함안보,23,2,1,35,0
2020-03-21 15:00,(상주)낙단보,23,3,3,35,20
2020-03-21 15:00,(청양)백제보,20,3,3,55,20
2020-03-21 15:00,(청주)대청댐,20,3,4,40,30
2020-03-21 15:00,(서천)금강하구둑,17,3,1,65,0
2020-03-21 15:00,(공주)공주보,20,3,4,40,30
2020-03-21 15:00,(익산)성당포구,19,3,3,60,20
2020-03-21 15:00,(담양)담양대나무숲,22,2,1,45,0
2020-03-21 15:00,(나주)느러지 관람전망대,20,4,1,50,0
2020-03-21 15:00,(나주)죽산보,21,3,1,50,0
2020-03-21 15:00,(무안)영산강 하구둑,19,5,1,50,0
2020-03-21 15:00,(담양)메타세쿼이아길,22,3,1,50,0
2020-03-21 15:00,(광주)승촌보,22,3,1,45,0
2020-03-21 15:00,(담양)담양댐,22,3,1,50,0
2020-03-21 15:00,(광양)배알도수변공원,22,3,1,40,0
2020-03-21 15:00,(광양)매화마을,23,2,1,50,0
2020-03-21 15:00,(곡성)횡탄정,23,2,1,45,0
2020-03-21 15:00,(구례)남도대교,25,2,3,50,20
2020-03-21 15:00,(순창)향가유원지,23,2,1,40,0
2020-03-21 15:00,(순창)장군목,22,2,1,45,0
2020-03-21 15:00,(임실)섬진강생활체육공원(강진교),22,2,1,45,0
2020-03-21 15:00,(괴산)괴강교,20,5,4,35,30
2020-03-21 15:00,(청주)무심천교,21,3,4,40,30
2020-03-21 15:00,(괴산)행촌교차로,19,4,4,40,30
2020-03-21 15:00,(세종)합강공원,21,3,4,40,30
2020-03-21 15:00,(증평)백로공원,21,4,4,40,30
2020-03-21 15:00,(삼척)한재공원,16,5,3,20,20
2020-03-21 15:00,(양양)지경공원,15,5,3,20,20
2020-03-21 15:00,(삼척)임원,18,4,3,20,20
2020-03-21 15:00,(속초)영금정,15,5,3,20,20
2020-03-21 15:00,(고성)북천철교,16,5,3,20,20
2020-03-21 15:00,(고셩)봉포해변,15,5,3,20,20
2020-03-21 15:00,(양양)동호해변,14,5,3,20,20
2020-03-21 15:00,(강릉)경포해변,17,5,3,20,20
2020-03-21 15:00,(동해)추암촛대바위,15,5,3,20,20
